Time[s], Channel 0, Channel 1
0.000000, 1, 1
7.931182, 1, 0
7.931188, 0, 0
7.931194, 1, 0
7.931198, 0, 0
7.931204, 1, 0
7.931208, 0, 0
7.931214, 1, 0
7.931218, 0, 0
7.931220, 0, 1
7.931224, 1, 1
7.931230, 0, 0
7.931236, 1, 0
7.931240, 0, 0
7.931246, 1, 0
7.931250, 0, 0
7.931256, 1, 0
7.931260, 0, 0
7.931262, 0, 1
7.931266, 1, 1
7.931272, 0, 1
7.931278, 1, 1
7.931282, 0, 0
7.931288, 1, 0
7.931292, 1, 1
7.931572, 1, 0
7.931576, 0, 0
7.931582, 1, 0
7.931586, 0, 0
7.931592, 1, 0
7.931598, 0, 0
7.931604, 1, 0
7.931608, 0, 1
7.931614, 1, 1
7.931618, 0, 0
7.931624, 1, 0
7.931628, 0, 0
7.931634, 1, 0
7.931640, 0, 1
7.931646, 1, 1
7.931650, 0, 1
7.931656, 1, 1
7.931660, 0, 1
7.931666, 1, 1
7.931670, 0, 1
7.931672, 0, 0
7.931676, 1, 0
7.931682, 1, 1
7.931960, 1, 0
7.931964, 0, 0
7.931970, 1, 0
7.931974, 0, 0
7.931980, 1, 0
7.931984, 0, 0
7.931990, 1, 0
7.931996, 0, 1
7.932002, 1, 1
7.932006, 0, 0
7.932012, 1, 0
7.932016, 0, 1
7.932022, 1, 1
7.932026, 0, 0
7.932032, 1, 0
7.932038, 0, 1
7.932044, 1, 1
7.932048, 0, 1
7.932054, 1, 1
7.932058, 0, 0
7.932064, 1, 0
7.932070, 1, 1
7.932346, 1, 0
7.932350, 0, 0
7.932356, 1, 0
7.932362, 0, 0
7.932368, 1, 0
7.932372, 0, 0
7.932378, 1, 0
7.932382, 0, 1
7.932388, 1, 1
7.932392, 0, 1
7.932394, 0, 0
7.932398, 1, 0
7.932404, 0, 1
7.932410, 1, 1
7.932414, 0, 1
7.932420, 1, 1
7.932424, 0, 1
7.932430, 1, 1
7.932434, 0, 1
7.932440, 1, 1
7.932446, 0, 0
7.932452, 1, 0
7.932456, 1, 1
7.932734, 1, 0
7.932738, 0, 0
7.932744, 1, 0
7.932748, 0, 0
7.932754, 1, 0
7.932760, 0, 0
7.932766, 1, 0
7.932770, 0, 1
7.932776, 1, 1
7.932780, 0, 1
7.932786, 1, 1
7.932790, 0, 0
7.932796, 1, 0
7.932802, 0, 0
7.932808, 1, 0
7.932812, 0, 1
7.932818, 1, 1
7.932822, 0, 1
7.932828, 1, 1
7.932832, 0, 0
7.932838, 1, 0
7.932844, 1, 1
7.933120, 1, 0
7.933124, 0, 0
7.933130, 1, 0
7.933134, 0, 0
7.933140, 1, 0
7.933144, 0, 0
7.933150, 1, 0
7.933156, 0, 1
7.933162, 1, 1
7.933166, 0, 1
7.933172, 1, 1
7.933176, 0, 0
7.933182, 1, 0
7.933186, 0, 0
7.933188, 0, 1
7.933194, 1, 1
7.933198, 0, 1
7.933204, 1, 1
7.933208, 0, 1
7.933214, 1, 1
7.933218, 0, 0
7.933224, 1, 0
7.933230, 1, 1
7.933508, 1, 0
7.933512, 0, 0
7.933518, 1, 0
7.933522, 0, 0
7.933528, 1, 0
7.933532, 0, 0
7.933538, 1, 0
7.933544, 0, 1
7.933550, 1, 1
7.933554, 0, 1
7.933560, 1, 1
7.933564, 0, 1
7.933570, 1, 1
7.933574, 0, 0
7.933580, 1, 0
7.933586, 0, 1
7.933592, 1, 1
7.933596, 0, 1
7.933602, 1, 1
7.933606, 0, 0
7.933612, 1, 0
7.933618, 1, 1
7.933894, 1, 0
7.933898, 0, 0
7.933904, 1, 0
7.933908, 0, 0
7.933914, 1, 0
7.933920, 0, 0
7.933926, 1, 0
7.933930, 0, 1
7.933936, 1, 1
7.933940, 0, 1
7.933946, 1, 1
7.933950, 0, 1
7.933956, 1, 1
7.933962, 0, 1
7.933968, 1, 1
7.933972, 0, 1
7.933978, 1, 1
7.933982, 0, 1
7.933988, 1, 1
7.933992, 0, 0
7.933998, 1, 0
7.934004, 1, 1
7.934562, 1, 0
7.934568, 0, 0
7.934574, 1, 0
7.934578, 0, 0
7.934584, 1, 0
7.934588, 0, 1
7.934594, 1, 1
7.934598, 0, 0
7.934604, 1, 0
7.934610, 0, 0
7.934616, 1, 0
7.934620, 0, 0
7.934626, 1, 0
7.934630, 0, 0
7.934636, 1, 0
7.934640, 0, 0
7.934642, 0, 1
7.934646, 1, 1
7.934652, 0, 1
7.934658, 1, 1
7.934662, 0, 0
7.934668, 1, 0
7.934672, 1, 1
7.934938, 1, 0
7.934944, 0, 0
7.934950, 1, 0
7.934954, 0, 0
7.934960, 1, 0
7.934964, 0, 1
7.934970, 1, 1
7.934974, 0, 1
7.934976, 0, 0
7.934980, 1, 0
7.934986, 0, 0
7.934992, 1, 0
7.934996, 0, 0
7.935002, 1, 0
7.935006, 0, 1
7.935012, 1, 1
7.935016, 0, 1
7.935022, 1, 1
7.935028, 0, 1
7.935034, 1, 1
7.935038, 0, 0
7.935044, 1, 0
7.935048, 1, 1
7.935326, 1, 0
7.935330, 0, 0
7.935336, 1, 0
7.935340, 0, 0
7.935346, 1, 0
7.935352, 0, 1
7.935358, 1, 1
7.935362, 0, 0
7.935368, 1, 0
7.935372, 0, 0
7.935378, 1, 0
7.935382, 0, 0
7.935384, 0, 1
7.935388, 1, 1
7.935394, 0, 0
7.935400, 1, 0
7.935404, 0, 1
7.935410, 1, 1
7.935414, 0, 1
7.935420, 1, 1
7.935424, 0, 1
7.935426, 0, 0
7.935430, 1, 0
7.935436, 1, 1
7.935722, 1, 0
7.935726, 0, 0
7.935732, 1, 0
7.935738, 0, 0
7.935744, 1, 0
7.935748, 0, 1
7.935754, 1, 1
7.935758, 0, 0
7.935764, 1, 0
7.935768, 0, 0
7.935774, 1, 0
7.935780, 0, 1
7.935786, 1, 1
7.935790, 0, 1
7.935796, 1, 1
7.935800, 0, 1
7.935806, 1, 1
7.935810, 0, 1
7.935816, 1, 1
7.935822, 0, 0
7.935828, 1, 0
7.935832, 1, 1
7.936110, 1, 0
7.936114, 0, 0
7.936120, 1, 0
7.936124, 0, 0
7.936130, 1, 0
7.936134, 0, 0
7.936136, 0, 1
7.936140, 1, 1
7.936146, 0, 0
7.936152, 1, 0
7.936156, 0, 1
7.936162, 1, 1
7.936166, 0, 0
7.936172, 1, 0
7.936176, 0, 0
7.936182, 1, 0
7.936188, 0, 1
7.936194, 1, 1
7.936198, 0, 1
7.936204, 1, 1
7.936208, 0, 0
7.936214, 1, 0
7.936220, 1, 1
7.936496, 1, 0
7.936500, 0, 0
7.936506, 1, 0
7.936510, 0, 0
7.936518, 1, 0
7.936522, 0, 1
7.936528, 1, 1
7.936532, 0, 0
7.936538, 1, 0
7.936542, 0, 1
7.936548, 1, 1
7.936552, 0, 1
7.936554, 0, 0
7.936560, 1, 0
7.936564, 0, 1
7.936570, 1, 1
7.936574, 0, 1
7.936580, 1, 1
7.936584, 0, 1
7.936590, 1, 1
7.936596, 0, 0
7.936602, 1, 0
7.936606, 1, 1
7.936884, 1, 0
7.936888, 0, 0
7.936894, 1, 0
7.936898, 0, 0
7.936904, 1, 0
7.936908, 0, 0
7.936910, 0, 1
7.936914, 1, 1
7.936920, 0, 0
7.936926, 1, 0
7.936930, 0, 1
7.936936, 1, 1
7.936940, 0, 1
7.936946, 1, 1
7.936950, 0, 0
7.936956, 1, 0
7.936962, 0, 1
7.936968, 1, 1
7.936972, 0, 1
7.936978, 1, 1
7.936982, 0, 0
7.936988, 1, 0
7.936994, 1, 1
7.937270, 1, 0
7.937274, 0, 0
7.937280, 1, 0
7.937286, 0, 0
7.937292, 1, 0
7.937296, 0, 1
7.937302, 1, 1
7.937306, 0, 0
7.937312, 1, 0
7.937316, 0, 1
7.937322, 1, 1
7.937328, 0, 1
7.937334, 1, 1
7.937338, 0, 1
7.937344, 1, 1
7.937348, 0, 1
7.937354, 1, 1
7.937358, 0, 1
7.937364, 1, 1
7.937370, 0, 0
7.937376, 1, 0
7.937380, 1, 1
7.937658, 1, 0
7.937662, 0, 0
7.937668, 1, 0
7.937672, 0, 0
7.937678, 1, 0
7.937684, 0, 1
7.937690, 1, 1
7.937694, 0, 1
7.937700, 1, 1
7.937704, 0, 0
7.937710, 1, 0
7.937714, 0, 0
7.937720, 1, 0
7.937726, 0, 0
7.937732, 1, 0
7.937736, 0, 1
7.937742, 1, 1
7.937746, 0, 1
7.937752, 1, 1
7.937756, 0, 1
7.937758, 0, 0
7.937764, 1, 0
7.937768, 1, 1
7.938046, 1, 0
7.938050, 0, 0
7.938056, 1, 0
7.938060, 0, 0
7.938066, 1, 0
7.938070, 0, 0
7.938072, 0, 1
7.938076, 1, 1
7.938082, 0, 1
7.938088, 1, 1
7.938092, 0, 0
7.938098, 1, 0
7.938102, 0, 0
7.938108, 1, 0
7.938112, 0, 0
7.938114, 0, 1
7.938118, 1, 1
7.938124, 0, 1
7.938130, 1, 1
7.938134, 0, 1
7.938140, 1, 1
7.938144, 0, 0
7.938150, 1, 0
7.938156, 1, 1
7.938436, 1, 0
7.938440, 0, 0
7.938446, 1, 0
7.938450, 0, 0
7.938456, 1, 0
7.938460, 0, 1
7.938466, 1, 1
7.938472, 0, 1
7.938478, 1, 1
7.938482, 0, 0
7.938488, 1, 0
7.938492, 0, 1
7.938498, 1, 1
7.938502, 0, 0
7.938508, 1, 0
7.938514, 0, 1
7.938520, 1, 1
7.938524, 0, 1
7.938530, 1, 1
7.938534, 0, 0
7.938540, 1, 0
7.938546, 1, 1
7.938822, 1, 0
7.938826, 0, 0
7.938832, 1, 0
7.938836, 0, 0
7.938842, 1, 0
7.938848, 0, 1
7.938854, 1, 1
7.938858, 0, 1
7.938864, 1, 1
7.938868, 0, 0
7.938874, 1, 0
7.938878, 0, 0
7.938880, 0, 1
7.938884, 1, 1
7.938890, 0, 1
7.938896, 1, 1
7.938900, 0, 1
7.938906, 1, 1
7.938910, 0, 1
7.938916, 1, 1
7.938920, 0, 0
7.938926, 1, 0
7.938932, 1, 1
7.939208, 1, 0
7.939212, 0, 0
7.939220, 1, 0
7.939224, 0, 0
7.939230, 1, 0
7.939234, 0, 1
7.939240, 1, 1
7.939244, 0, 1
7.939250, 1, 1
7.939254, 0, 1
7.939262, 1, 1
7.939266, 0, 0
7.939272, 1, 0
7.939276, 0, 0
7.939282, 1, 0
7.939286, 0, 1
7.939292, 1, 1
7.939296, 0, 1
7.939304, 1, 1
7.939308, 0, 0
7.939314, 1, 0
7.939318, 1, 1
7.939616, 1, 0
7.939622, 0, 0
7.939628, 1, 0
7.939632, 0, 0
7.939638, 1, 0
7.939642, 0, 1
7.939648, 1, 1
7.939652, 0, 1
7.939660, 1, 1
7.939664, 0, 1
7.939670, 1, 1
7.939674, 0, 0
7.939680, 1, 0
7.939684, 0, 1
7.939690, 1, 1
7.939694, 0, 1
7.939702, 1, 1
7.939706, 0, 1
7.939712, 1, 1
7.939716, 0, 0
7.939722, 1, 0
7.939728, 1, 1
7.940004, 1, 0
7.940008, 0, 0
7.940014, 1, 0
7.940018, 0, 0
7.940024, 1, 0
7.940030, 0, 1
7.940036, 1, 1
7.940040, 0, 1
7.940046, 1, 1
7.940050, 0, 1
7.940056, 1, 1
7.940060, 0, 1
7.940066, 1, 1
7.940072, 0, 0
7.940078, 1, 0
7.940082, 0, 1
7.940088, 1, 1
7.940092, 0, 1
7.940098, 1, 1
7.940102, 0, 1
7.940104, 0, 0
7.940108, 1, 0
7.940114, 1, 1
7.940392, 1, 0
7.940396, 0, 0
7.940402, 1, 0
7.940406, 0, 0
7.940412, 1, 0
7.940416, 0, 0
7.940418, 0, 1
7.940424, 1, 1
7.940428, 0, 1
7.940434, 1, 1
7.940438, 0, 1
7.940444, 1, 1
7.940448, 0, 1
7.940454, 1, 1
7.940460, 0, 1
7.940466, 1, 1
7.940470, 0, 1
7.940476, 1, 1
7.940480, 0, 1
7.940486, 1, 1
7.940490, 0, 0
7.940496, 1, 0
7.940502, 1, 1
7.941056, 1, 0
7.941060, 0, 0
7.941066, 1, 0
7.941070, 0, 1
7.941076, 1, 1
7.941080, 0, 1
7.941082, 0, 0
7.941086, 1, 0
7.941092, 0, 0
7.941098, 1, 0
7.941102, 0, 0
7.941108, 1, 0
7.941112, 0, 0
7.941118, 1, 0
7.941122, 0, 0
7.941128, 1, 0
7.941134, 0, 1
7.941140, 1, 1
7.941144, 0, 1
7.941150, 1, 1
7.941154, 0, 0
7.941160, 1, 0
7.941166, 1, 1
7.941434, 1, 0
7.941438, 0, 0
7.941444, 1, 0
7.941448, 0, 1
7.941454, 1, 1
7.941458, 0, 1
7.941460, 0, 0
7.941464, 1, 0
7.941470, 0, 0
7.941476, 1, 0
7.941480, 0, 0
7.941486, 1, 0
7.941490, 0, 0
7.941496, 1, 0
7.941500, 0, 0
7.941502, 0, 1
7.941506, 1, 1
7.941512, 0, 1
7.941518, 1, 1
7.941522, 0, 1
7.941528, 1, 1
7.941532, 0, 0
7.941538, 1, 0
7.941544, 1, 1
7.941820, 1, 0
7.941824, 0, 0
7.941830, 1, 0
7.941834, 0, 0
7.941836, 0, 1
7.941840, 1, 1
7.941846, 0, 0
7.941852, 1, 0
7.941856, 0, 0
7.941862, 1, 0
7.941866, 0, 0
7.941872, 1, 0
7.941876, 0, 0
7.941878, 0, 1
7.941882, 1, 1
7.941888, 0, 0
7.941894, 1, 0
7.941898, 0, 1
7.941904, 1, 1
7.941908, 0, 1
7.941914, 1, 1
7.941918, 0, 0
7.941924, 1, 0
7.941930, 1, 1
7.942208, 1, 0
7.942212, 0, 0
7.942218, 1, 0
7.942222, 0, 1
7.942228, 1, 1
7.942232, 0, 0
7.942238, 1, 0
7.942244, 0, 0
7.942250, 1, 0
7.942254, 0, 0
7.942260, 1, 0
7.942264, 0, 1
7.942270, 1, 1
7.942274, 0, 1
7.942280, 1, 1
7.942286, 0, 1
7.942292, 1, 1
7.942296, 0, 1
7.942302, 1, 1
7.942306, 0, 0
7.942312, 1, 0
7.942318, 1, 1
7.942618, 1, 0
7.942622, 0, 0
7.942628, 1, 0
7.942634, 0, 1
7.942640, 1, 1
7.942644, 0, 0
7.942650, 1, 0
7.942654, 0, 0
7.942660, 1, 0
7.942664, 0, 1
7.942670, 1, 1
7.942676, 0, 0
7.942682, 1, 0
7.942686, 0, 0
7.942692, 1, 0
7.942696, 0, 1
7.942702, 1, 1
7.942706, 0, 1
7.942712, 1, 1
7.942718, 0, 0
7.942724, 1, 0
7.942728, 1, 1
7.943006, 1, 0
7.943010, 0, 0
7.943016, 1, 0
7.943020, 0, 1
7.943026, 1, 1
7.943030, 0, 1
7.943032, 0, 0
7.943036, 1, 0
7.943042, 0, 0
7.943048, 1, 0
7.943052, 0, 1
7.943058, 1, 1
7.943062, 0, 0
7.943068, 1, 0
7.943072, 0, 0
7.943074, 0, 1
7.943078, 1, 1
7.943084, 0, 1
7.943090, 1, 1
7.943094, 0, 1
7.943100, 1, 1
7.943104, 0, 0
7.943110, 1, 0
7.943116, 1, 1
7.943392, 1, 0
7.943398, 0, 0
7.943404, 1, 0
7.943408, 0, 1
7.943414, 1, 1
7.943418, 0, 0
7.943424, 1, 0
7.943428, 0, 0
7.943434, 1, 0
7.943440, 0, 1
7.943446, 1, 1
7.943450, 0, 1
7.943456, 1, 1
7.943460, 0, 0
7.943466, 1, 0
7.943470, 0, 0
7.943472, 0, 1
7.943476, 1, 1
7.943482, 0, 1
7.943488, 1, 1
7.943492, 0, 0
7.943498, 1, 0
7.943502, 1, 1
7.943780, 1, 0
7.943784, 0, 0
7.943792, 1, 0
7.943796, 0, 1
7.943802, 1, 1
7.943806, 0, 0
7.943812, 1, 0
7.943816, 0, 0
7.943822, 1, 0
7.943826, 0, 0
7.943828, 0, 1
7.943834, 1, 1
7.943838, 0, 1
7.943844, 1, 1
7.943848, 0, 1
7.943854, 1, 1
7.943858, 0, 1
7.943864, 1, 1
7.943870, 0, 1
7.943876, 1, 1
7.943880, 0, 0
7.943886, 1, 0
7.943890, 1, 1
7.944168, 1, 0
7.944172, 0, 0
7.944178, 1, 0
7.944182, 0, 1
7.944188, 1, 1
7.944192, 0, 0
7.944198, 1, 0
7.944204, 0, 1
7.944210, 1, 1
7.944214, 0, 0
7.944220, 1, 0
7.944224, 0, 0
7.944230, 1, 0
7.944234, 0, 0
7.944240, 1, 0
7.944246, 0, 1
7.944252, 1, 1
7.944256, 0, 1
7.944262, 1, 1
7.944266, 0, 0
7.944272, 1, 0
7.944278, 1, 1
7.944554, 1, 0
7.944558, 0, 0
7.944564, 1, 0
7.944568, 0, 1
7.944574, 1, 1
7.944578, 0, 1
7.944580, 0, 0
7.944584, 1, 0
7.944590, 0, 1
7.944596, 1, 1
7.944600, 0, 0
7.944606, 1, 0
7.944610, 0, 0
7.944616, 1, 0
7.944620, 0, 0
7.944622, 0, 1
7.944626, 1, 1
7.944632, 0, 1
7.944638, 1, 1
7.944642, 0, 1
7.944648, 1, 1
7.944652, 0, 0
7.944658, 1, 0
7.944664, 1, 1
7.944940, 1, 0
7.944946, 0, 0
7.944952, 1, 0
7.944956, 0, 1
7.944962, 1, 1
7.944966, 0, 0
7.944972, 1, 0
7.944976, 0, 0
7.944978, 0, 1
7.944982, 1, 1
7.944988, 0, 0
7.944994, 1, 0
7.944998, 0, 1
7.945004, 1, 1
7.945008, 0, 0
7.945014, 1, 0
7.945018, 0, 0
7.945020, 0, 1
7.945026, 1, 1
7.945030, 0, 1
7.945036, 1, 1
7.945040, 0, 0
7.945046, 1, 0
7.945050, 1, 1
7.945326, 1, 0
7.945332, 0, 0
7.945338, 1, 0
7.945342, 0, 1
7.945348, 1, 1
7.945352, 0, 0
7.945358, 1, 0
7.945362, 0, 0
7.945364, 0, 1
7.945368, 1, 1
7.945374, 0, 0
7.945380, 1, 0
7.945384, 0, 1
7.945390, 1, 1
7.945394, 0, 1
7.945400, 1, 1
7.945404, 0, 1
7.945410, 1, 1
7.945416, 0, 1
7.945422, 1, 1
7.945426, 0, 0
7.945432, 1, 0
7.945436, 1, 1
7.945714, 1, 0
7.945718, 0, 0
7.945726, 1, 0
7.945730, 0, 1
7.945736, 1, 1
7.945740, 0, 0
7.945746, 1, 0
7.945750, 0, 1
7.945756, 1, 1
7.945762, 0, 1
7.945768, 1, 1
7.945772, 0, 0
7.945778, 1, 0
7.945782, 0, 0
7.945788, 1, 0
7.945792, 0, 1
7.945798, 1, 1
7.945804, 0, 1
7.945810, 1, 1
7.945814, 0, 0
7.945820, 1, 0
7.945824, 1, 1
7.946102, 1, 0
7.946106, 0, 0
7.946112, 1, 0
7.946116, 0, 1
7.946122, 1, 1
7.946126, 0, 0
7.946132, 1, 0
7.946138, 0, 1
7.946144, 1, 1
7.946148, 0, 1
7.946154, 1, 1
7.946158, 0, 0
7.946164, 1, 0
7.946168, 0, 1
7.946174, 1, 1
7.946180, 0, 1
7.946186, 1, 1
7.946190, 0, 1
7.946196, 1, 1
7.946200, 0, 0
7.946206, 1, 0
7.946212, 1, 1
7.946488, 1, 0
7.946492, 0, 0
7.946498, 1, 0
7.946504, 0, 1
7.946510, 1, 1
7.946514, 0, 0
7.946520, 1, 0
7.946524, 0, 1
7.946530, 1, 1
7.946534, 0, 1
7.946540, 1, 1
7.946546, 0, 1
7.946552, 1, 1
7.946556, 0, 0
7.946562, 1, 0
7.946566, 0, 1
7.946572, 1, 1
7.946576, 0, 1
7.946582, 1, 1
7.946588, 0, 0
7.946594, 1, 0
7.946598, 1, 1
7.946874, 1, 0
7.946880, 0, 0
7.946886, 1, 0
7.946890, 0, 1
7.946896, 1, 1
7.946900, 0, 0
7.946906, 1, 0
7.946910, 0, 0
7.946912, 0, 1
7.946916, 1, 1
7.946922, 0, 1
7.946928, 1, 1
7.946932, 0, 1
7.946938, 1, 1
7.946942, 0, 1
7.946948, 1, 1
7.946952, 0, 1
7.946958, 1, 1
7.946964, 0, 1
7.946970, 1, 1
7.946974, 0, 0
7.946980, 1, 0
7.946984, 1, 1
7.947540, 1, 0
7.947544, 0, 0
7.947550, 1, 0
7.947554, 0, 1
7.947560, 1, 1
7.947564, 0, 1
7.947572, 1, 1
7.947576, 0, 0
7.947582, 1, 0
7.947586, 0, 0
7.947592, 1, 0
7.947596, 0, 0
7.947602, 1, 0
7.947606, 0, 0
7.947614, 1, 0
7.947618, 0, 1
7.947624, 1, 1
7.947628, 0, 1
7.947634, 1, 1
7.947638, 0, 0
7.947644, 1, 0
7.947650, 1, 1
7.947914, 1, 0
7.947918, 0, 0
7.947924, 1, 0
7.947928, 0, 1
7.947934, 1, 1
7.947938, 0, 1
7.947944, 1, 1
7.947950, 0, 0
7.947956, 1, 0
7.947960, 0, 0
7.947966, 1, 0
7.947970, 0, 0
7.947976, 1, 0
7.947980, 0, 0
7.947982, 0, 1
7.947988, 1, 1
7.947992, 0, 1
7.947998, 1, 1
7.948002, 0, 1
7.948008, 1, 1
7.948012, 0, 0
7.948018, 1, 0
7.948024, 1, 1
7.948300, 1, 0
7.948304, 0, 0
7.948310, 1, 0
7.948316, 0, 1
7.948322, 1, 1
7.948326, 0, 1
7.948332, 1, 1
7.948336, 0, 0
7.948342, 1, 0
7.948346, 0, 0
7.948352, 1, 0
7.948358, 0, 1
7.948364, 1, 1
7.948368, 0, 0
7.948374, 1, 0
7.948378, 0, 1
7.948384, 1, 1
7.948388, 0, 1
7.948394, 1, 1
7.948400, 0, 0
7.948406, 1, 0
7.948410, 1, 1
7.948698, 1, 0
7.948702, 0, 0
7.948710, 1, 0
7.948714, 0, 1
7.948720, 1, 1
7.948724, 0, 1
7.948730, 1, 1
7.948734, 0, 0
7.948740, 1, 0
7.948744, 0, 0
7.948752, 1, 0
7.948756, 0, 1
7.948762, 1, 1
7.948766, 0, 1
7.948772, 1, 1
7.948776, 0, 1
7.948782, 1, 1
7.948788, 0, 1
7.948794, 1, 1
7.948798, 0, 0
7.948804, 1, 0
7.948808, 1, 1
7.949086, 1, 0
7.949090, 0, 0
7.949096, 1, 0
7.949100, 0, 1
7.949106, 1, 1
7.949110, 0, 1
7.949116, 1, 1
7.949122, 0, 0
7.949128, 1, 0
7.949132, 0, 1
7.949138, 1, 1
7.949142, 0, 0
7.949148, 1, 0
7.949152, 0, 0
7.949158, 1, 0
7.949164, 0, 1
7.949170, 1, 1
7.949174, 0, 1
7.949180, 1, 1
7.949184, 0, 0
7.949190, 1, 0
7.949196, 1, 1
7.949472, 1, 0
7.949476, 0, 0
7.949484, 1, 0
7.949488, 0, 1
7.949494, 1, 1
7.949498, 0, 1
7.949504, 1, 1
7.949508, 0, 0
7.949514, 1, 0
7.949520, 0, 1
7.949526, 1, 1
7.949530, 0, 0
7.949536, 1, 0
7.949540, 0, 1
7.949546, 1, 1
7.949550, 0, 1
7.949556, 1, 1
7.949562, 0, 1
7.949568, 1, 1
7.949572, 0, 0
7.949578, 1, 0
7.949582, 1, 1
7.949860, 1, 0
7.949864, 0, 0
7.949870, 1, 0
7.949876, 0, 1
7.949882, 1, 1
7.949886, 0, 1
7.949892, 1, 1
7.949896, 0, 0
7.949902, 1, 0
7.949906, 0, 0
7.949908, 0, 1
7.949912, 1, 1
7.949918, 0, 1
7.949924, 1, 1
7.949928, 0, 0
7.949934, 1, 0
7.949938, 0, 1
7.949944, 1, 1
7.949948, 0, 1
7.949954, 1, 1
7.949960, 0, 0
7.949966, 1, 0
7.949970, 1, 1
7.950248, 1, 0
7.950252, 0, 0
7.950258, 1, 0
7.950262, 0, 1
7.950268, 1, 1
7.950272, 0, 1
7.950278, 1, 1
7.950284, 0, 0
7.950290, 1, 0
7.950294, 0, 1
7.950300, 1, 1
7.950304, 0, 1
7.950310, 1, 1
7.950314, 0, 1
7.950320, 1, 1
7.950326, 0, 1
7.950332, 1, 1
7.950336, 0, 1
7.950342, 1, 1
7.950346, 0, 0
7.950352, 1, 0
7.950358, 1, 1
7.950634, 1, 0
7.950640, 0, 0
7.950646, 1, 0
7.950650, 0, 1
7.950656, 1, 1
7.950660, 0, 1
7.950666, 1, 1
7.950670, 0, 1
7.950676, 1, 1
7.950682, 0, 0
7.950688, 1, 0
7.950692, 0, 0
7.950698, 1, 0
7.950702, 0, 0
7.950708, 1, 0
7.950712, 0, 0
7.950714, 0, 1
7.950718, 1, 1
7.950724, 0, 1
7.950730, 1, 1
7.950734, 0, 0
7.950740, 1, 0
7.950744, 1, 1
7.951022, 1, 0
7.951026, 0, 0
7.951032, 1, 0
7.951038, 0, 1
7.951044, 1, 1
7.951048, 0, 1
7.951054, 1, 1
7.951058, 0, 1
7.951064, 1, 1
7.951068, 0, 1
7.951070, 0, 0
7.951074, 1, 0
7.951080, 0, 0
7.951086, 1, 0
7.951090, 0, 1
7.951096, 1, 1
7.951100, 0, 1
7.951106, 1, 1
7.951110, 0, 1
7.951116, 1, 1
7.951122, 0, 0
7.951128, 1, 0
7.951132, 1, 1
7.951434, 1, 0
7.951440, 0, 0
7.951446, 1, 0
7.951450, 0, 1
7.951456, 1, 1
7.951460, 0, 1
7.951466, 1, 1
7.951470, 0, 1
7.951476, 1, 1
7.951482, 0, 0
7.951488, 1, 0
7.951492, 0, 1
7.951498, 1, 1
7.951502, 0, 0
7.951508, 1, 0
7.951512, 0, 0
7.951514, 0, 1
7.951518, 1, 1
7.951524, 0, 1
7.951530, 1, 1
7.951534, 0, 0
7.951540, 1, 0
7.951544, 1, 1
7.951822, 1, 0
7.951826, 0, 0
7.951832, 1, 0
7.951836, 0, 1
7.951842, 1, 1
7.951848, 0, 1
7.951854, 1, 1
7.951858, 0, 1
7.951864, 1, 1
7.951868, 0, 0
7.951874, 1, 0
7.951878, 0, 1
7.951884, 1, 1
7.951890, 0, 1
7.951896, 1, 1
7.951900, 0, 1
7.951906, 1, 1
7.951910, 0, 1
7.951916, 1, 1
7.951920, 0, 0
7.951926, 1, 0
7.951932, 1, 1
7.952208, 1, 0
7.952212, 0, 0
7.952220, 1, 0
7.952224, 0, 1
7.952230, 1, 1
7.952234, 0, 1
7.952240, 1, 1
7.952244, 0, 1
7.952250, 1, 1
7.952256, 0, 1
7.952262, 1, 1
7.952266, 0, 0
7.952272, 1, 0
7.952276, 0, 0
7.952282, 1, 0
7.952286, 0, 1
7.952292, 1, 1
7.952298, 0, 1
7.952304, 1, 1
7.952308, 0, 0
7.952314, 1, 0
7.952318, 1, 1
7.952618, 1, 0
7.952622, 0, 0
7.952628, 1, 0
7.952632, 0, 1
7.952638, 1, 1
7.952642, 0, 1
7.952648, 1, 1
7.952654, 0, 1
7.952660, 1, 1
7.952664, 0, 1
7.952670, 1, 1
7.952674, 0, 0
7.952680, 1, 0
7.952684, 0, 0
7.952686, 0, 1
7.952690, 1, 1
7.952696, 0, 1
7.952702, 1, 1
7.952706, 0, 1
7.952712, 1, 1
7.952716, 0, 0
7.952722, 1, 0
7.952728, 1, 1
7.953004, 1, 0
7.953010, 0, 0
7.953016, 1, 0
7.953020, 0, 1
7.953026, 1, 1
7.953030, 0, 1
7.953036, 1, 1
7.953040, 0, 1
7.953046, 1, 1
7.953052, 0, 1
7.953058, 1, 1
7.953062, 0, 1
7.953068, 1, 1
7.953072, 0, 0
7.953078, 1, 0
7.953082, 0, 0
7.953084, 0, 1
7.953088, 1, 1
7.953094, 0, 1
7.953100, 1, 1
7.953104, 0, 0
7.953110, 1, 0
7.953114, 1, 1
7.953392, 1, 0
7.953396, 0, 0
7.953402, 1, 0
7.953408, 0, 1
7.953414, 1, 1
7.953418, 0, 1
7.953424, 1, 1
7.953428, 0, 1
7.953434, 1, 1
7.953438, 0, 1
7.953444, 1, 1
7.953450, 0, 1
7.953456, 1, 1
7.953460, 0, 1
7.953466, 1, 1
7.953470, 0, 1
7.953476, 1, 1
7.953480, 0, 1
7.953486, 1, 1
7.953492, 0, 0
7.953498, 1, 0
7.953502, 1, 1
7.954058, 1, 0
7.954062, 0, 1
7.954068, 1, 1
7.954072, 0, 0
7.954078, 1, 0
7.954082, 0, 0
7.954090, 1, 0
7.954094, 0, 0
7.954100, 1, 0
7.954104, 0, 0
7.954110, 1, 0
7.954114, 0, 0
7.954120, 1, 0
7.954124, 0, 0
7.954132, 1, 0
7.954136, 0, 1
7.954142, 1, 1
7.954146, 0, 1
7.954152, 1, 1
7.954156, 0, 0
7.954162, 1, 0
7.954168, 1, 1
7.954432, 1, 0
7.954436, 0, 0
7.954438, 0, 1
7.954444, 1, 1
7.954448, 0, 0
7.954454, 1, 0
7.954458, 0, 0
7.954464, 1, 0
7.954468, 0, 0
7.954474, 1, 0
7.954478, 0, 0
7.954486, 1, 0
7.954490, 0, 0
7.954496, 1, 0
7.954500, 0, 1
7.954506, 1, 1
7.954510, 0, 1
7.954516, 1, 1
7.954522, 0, 1
7.954528, 1, 1
7.954532, 0, 0
7.954538, 1, 0
7.954542, 1, 1
7.954820, 1, 0
7.954824, 0, 1
7.954830, 1, 1
7.954834, 0, 0
7.954840, 1, 0
7.954846, 0, 0
7.954852, 1, 0
7.954856, 0, 0
7.954862, 1, 0
7.954866, 0, 0
7.954872, 1, 0
7.954876, 0, 0
7.954878, 0, 1
7.954882, 1, 1
7.954888, 0, 0
7.954894, 1, 0
7.954898, 0, 1
7.954904, 1, 1
7.954908, 0, 1
7.954914, 1, 1
7.954918, 0, 0
7.954924, 1, 0
7.954930, 1, 1
7.955212, 1, 0
7.955216, 0, 1
7.955222, 1, 1
7.955228, 0, 0
7.955234, 1, 0
7.955238, 0, 0
7.955244, 1, 0
7.955248, 0, 0
7.955254, 1, 0
7.955258, 0, 0
7.955264, 1, 0
7.955270, 0, 1
7.955276, 1, 1
7.955280, 0, 1
7.955286, 1, 1
7.955290, 0, 1
7.955296, 1, 1
7.955300, 0, 1
7.955306, 1, 1
7.955312, 0, 0
7.955318, 1, 0
7.955322, 1, 1
7.955616, 1, 0
7.955620, 0, 0
7.955622, 0, 1
7.955628, 1, 1
7.955632, 0, 0
7.955638, 1, 0
7.955642, 0, 0
7.955648, 1, 0
7.955652, 0, 0
7.955658, 1, 0
7.955662, 0, 0
7.955664, 0, 1
7.955670, 1, 1
7.955674, 0, 0
7.955680, 1, 0
7.955684, 0, 0
7.955690, 1, 0
7.955694, 0, 1
7.955700, 1, 1
7.955706, 0, 1
7.955712, 1, 1
7.955716, 0, 0
7.955722, 1, 0
7.955726, 1, 1
7.956004, 1, 0
7.956008, 0, 1
7.956014, 1, 1
7.956018, 0, 0
7.956024, 1, 0
7.956028, 0, 0
7.956034, 1, 0
7.956040, 0, 0
7.956046, 1, 0
7.956050, 0, 1
7.956056, 1, 1
7.956060, 0, 0
7.956066, 1, 0
7.956070, 0, 0
7.956072, 0, 1
7.956076, 1, 1
7.956082, 0, 1
7.956088, 1, 1
7.956092, 0, 1
7.956098, 1, 1
7.956102, 0, 0
7.956108, 1, 0
7.956114, 1, 1
7.956390, 1, 0
7.956394, 0, 1
7.956400, 1, 1
7.956404, 0, 0
7.956410, 1, 0
7.956416, 0, 0
7.956422, 1, 0
7.956426, 0, 0
7.956432, 1, 0
7.956436, 0, 1
7.956442, 1, 1
7.956446, 0, 1
7.956452, 1, 1
7.956458, 0, 0
7.956464, 1, 0
7.956468, 0, 1
7.956474, 1, 1
7.956478, 0, 1
7.956484, 1, 1
7.956488, 0, 0
7.956494, 1, 0
7.956500, 1, 1
7.956776, 1, 0
7.956782, 0, 1
7.956788, 1, 1
7.956792, 0, 0
7.956798, 1, 0
7.956802, 0, 0
7.956808, 1, 0
7.956812, 0, 0
7.956818, 1, 0
7.956824, 0, 1
7.956830, 1, 1
7.956834, 0, 1
7.956840, 1, 1
7.956844, 0, 1
7.956850, 1, 1
7.956854, 0, 1
7.956860, 1, 1
7.956866, 0, 1
7.956872, 1, 1
7.956876, 0, 0
7.956882, 1, 0
7.956886, 1, 1
7.957164, 1, 0
7.957168, 0, 1
7.957174, 1, 1
7.957178, 0, 0
7.957184, 1, 0
7.957188, 0, 0
7.957194, 1, 0
7.957200, 0, 1
7.957206, 1, 1
7.957210, 0, 0
7.957216, 1, 0
7.957220, 0, 0
7.957226, 1, 0
7.957230, 0, 0
7.957238, 1, 0
7.957242, 0, 1
7.957248, 1, 1
7.957252, 0, 1
7.957258, 1, 1
7.957262, 0, 0
7.957268, 1, 0
7.957274, 1, 1
7.957552, 1, 0
7.957556, 0, 1
7.957562, 1, 1
7.957566, 0, 0
7.957572, 1, 0
7.957576, 0, 0
7.957582, 1, 0
7.957588, 0, 1
7.957594, 1, 1
7.957598, 0, 0
7.957604, 1, 0
7.957608, 0, 0
7.957614, 1, 0
7.957618, 0, 0
7.957620, 0, 1
7.957624, 1, 1
7.957630, 0, 1
7.957636, 1, 1
7.957640, 0, 1
7.957646, 1, 1
7.957650, 0, 0
7.957656, 1, 0
7.957662, 1, 1
7.957938, 1, 0
7.957944, 0, 1
7.957950, 1, 1
7.957954, 0, 0
7.957960, 1, 0
7.957964, 0, 0
7.957970, 1, 0
7.957974, 0, 0
7.957976, 0, 1
7.957980, 1, 1
7.957986, 0, 0
7.957992, 1, 0
7.957996, 0, 1
7.958002, 1, 1
7.958006, 0, 0
7.958012, 1, 0
7.958016, 0, 0
7.958018, 0, 1
7.958022, 1, 1
7.958028, 0, 1
7.958034, 1, 1
7.958038, 0, 0
7.958044, 1, 0
7.958048, 1, 1
7.958326, 1, 0
7.958330, 0, 0
7.958332, 0, 1
7.958338, 1, 1
7.958342, 0, 0
7.958348, 1, 0
7.958352, 0, 0
7.958358, 1, 0
7.958362, 0, 1
7.958368, 1, 1
7.958374, 0, 0
7.958380, 1, 0
7.958384, 0, 1
7.958390, 1, 1
7.958394, 0, 1
7.958400, 1, 1
7.958404, 0, 1
7.958410, 1, 1
7.958416, 0, 1
7.958422, 1, 1
7.958426, 0, 0
7.958432, 1, 0
7.958436, 1, 1
7.958714, 1, 0
7.958718, 0, 1
7.958724, 1, 1
7.958728, 0, 0
7.958734, 1, 0
7.958738, 0, 0
7.958746, 1, 0
7.958750, 0, 1
7.958756, 1, 1
7.958760, 0, 1
7.958766, 1, 1
7.958770, 0, 0
7.958776, 1, 0
7.958782, 0, 0
7.958788, 1, 0
7.958792, 0, 1
7.958798, 1, 1
7.958802, 0, 1
7.958808, 1, 1
7.958812, 0, 0
7.958818, 1, 0
7.958824, 1, 1
7.959100, 1, 0
7.959104, 0, 0
7.959106, 0, 1
7.959110, 1, 1
7.959116, 0, 0
7.959122, 1, 0
7.959126, 0, 0
7.959132, 1, 0
7.959136, 0, 1
7.959142, 1, 1
7.959146, 0, 1
7.959152, 1, 1
7.959158, 0, 0
7.959164, 1, 0
7.959168, 0, 1
7.959174, 1, 1
7.959178, 0, 1
7.959184, 1, 1
7.959188, 0, 1
7.959194, 1, 1
7.959200, 0, 0
7.959206, 1, 0
7.959210, 1, 1
7.959488, 1, 0
7.959492, 0, 1
7.959498, 1, 1
7.959502, 0, 0
7.959508, 1, 0
7.959514, 0, 0
7.959520, 1, 0
7.959524, 0, 1
7.959530, 1, 1
7.959534, 0, 1
7.959540, 1, 1
7.959544, 0, 1
7.959550, 1, 1
7.959556, 0, 0
7.959562, 1, 0
7.959566, 0, 1
7.959572, 1, 1
7.959576, 0, 1
7.959582, 1, 1
7.959586, 0, 0
7.959592, 1, 0
7.959598, 1, 1
7.959874, 1, 0
7.959878, 0, 1
7.959884, 1, 1
7.959890, 0, 0
7.959896, 1, 0
7.959900, 0, 0
7.959906, 1, 0
7.959910, 0, 1
7.959916, 1, 1
7.959920, 0, 1
7.959926, 1, 1
7.959932, 0, 1
7.959938, 1, 1
7.959942, 0, 1
7.959948, 1, 1
7.959952, 0, 1
7.959958, 1, 1
7.959962, 0, 1
7.959968, 1, 1
7.959974, 0, 0
7.959980, 1, 0
7.959984, 1, 1
7.960538, 1, 0
7.960542, 0, 1
7.960548, 1, 1
7.960552, 0, 0
7.960558, 1, 0
7.960562, 0, 0
7.960564, 0, 1
7.960568, 1, 1
7.960574, 0, 0
7.960580, 1, 0
7.960584, 0, 0
7.960590, 1, 0
7.960594, 0, 0
7.960600, 1, 0
7.960604, 0, 0
7.960612, 1, 0
7.960616, 0, 1
7.960622, 1, 1
7.960626, 0, 1
7.960632, 1, 1
7.960636, 0, 0
7.960642, 1, 0
7.960648, 1, 1
7.960922, 1, 0
7.960926, 0, 0
7.960928, 0, 1
7.960934, 1, 1
7.960938, 0, 0
7.960944, 1, 0
7.960948, 0, 1
7.960954, 1, 1
7.960958, 0, 0
7.960964, 1, 0
7.960968, 0, 0
7.960976, 1, 0
7.960980, 0, 0
7.960986, 1, 0
7.960990, 0, 1
7.960996, 1, 1
7.961000, 0, 1
7.961006, 1, 1
7.961010, 0, 1
7.961018, 1, 1
7.961022, 0, 0
7.961028, 1, 0
7.961032, 1, 1
7.961308, 1, 0
7.961312, 0, 0
7.961314, 0, 1
7.961318, 1, 1
7.961324, 0, 0
7.961330, 1, 0
7.961334, 0, 1
7.961340, 1, 1
7.961344, 0, 0
7.961350, 1, 0
7.961354, 0, 0
7.961362, 1, 0
7.961366, 0, 1
7.961372, 1, 1
7.961376, 0, 0
7.961382, 1, 0
7.961386, 0, 1
7.961392, 1, 1
7.961396, 0, 1
7.961404, 1, 1
7.961408, 0, 0
7.961414, 1, 0
7.961418, 1, 1
7.961698, 1, 0
7.961702, 0, 0
7.961704, 0, 1
7.961708, 1, 1
7.961714, 0, 0
7.961720, 1, 0
7.961724, 0, 1
7.961730, 1, 1
7.961734, 0, 0
7.961740, 1, 0
7.961744, 0, 0
7.961750, 1, 0
7.961756, 0, 1
7.961762, 1, 1
7.961766, 0, 1
7.961772, 1, 1
7.961776, 0, 1
7.961782, 1, 1
7.961786, 0, 1
7.961792, 1, 1
7.961798, 0, 0
7.961804, 1, 0
7.961808, 1, 1
7.962086, 1, 0
7.962090, 0, 1
7.962096, 1, 1
7.962100, 0, 0
7.962106, 1, 0
7.962112, 0, 1
7.962118, 1, 1
7.962122, 0, 0
7.962128, 1, 0
7.962132, 0, 1
7.962138, 1, 1
7.962142, 0, 0
7.962148, 1, 0
7.962154, 0, 0
7.962160, 1, 0
7.962164, 0, 1
7.962170, 1, 1
7.962174, 0, 1
7.962180, 1, 1
7.962184, 0, 0
7.962190, 1, 0
7.962196, 1, 1
7.962472, 1, 0
7.962476, 0, 1
7.962482, 1, 1
7.962486, 0, 1
7.962488, 0, 0
7.962492, 1, 0
7.962498, 0, 1
7.962504, 1, 1
7.962508, 0, 0
7.962514, 1, 0
7.962518, 0, 1
7.962524, 1, 1
7.962528, 0, 1
7.962530, 0, 0
7.962534, 1, 0
7.962540, 0, 1
7.962546, 1, 1
7.962550, 0, 1
7.962556, 1, 1
7.962560, 0, 1
7.962566, 1, 1
7.962570, 0, 1
7.962572, 0, 0
7.962576, 1, 0
7.962582, 1, 1
7.962858, 1, 0
7.962862, 0, 0
7.962864, 0, 1
7.962868, 1, 1
7.962874, 0, 0
7.962880, 1, 0
7.962884, 0, 1
7.962890, 1, 1
7.962894, 0, 0
7.962900, 1, 0
7.962904, 0, 0
7.962906, 0, 1
7.962910, 1, 1
7.962916, 0, 1
7.962922, 1, 1
7.962926, 0, 0
7.962932, 1, 0
7.962936, 0, 1
7.962942, 1, 1
7.962946, 0, 1
7.962952, 1, 1
7.962958, 0, 0
7.962964, 1, 0
7.962968, 1, 1
7.963246, 1, 0
7.963250, 0, 1
7.963256, 1, 1
7.963260, 0, 1
7.963262, 0, 0
7.963268, 1, 0
7.963272, 0, 1
7.963278, 1, 1
7.963282, 0, 0
7.963288, 1, 0
7.963292, 0, 1
7.963298, 1, 1
7.963302, 0, 1
7.963310, 1, 1
7.963314, 0, 1
7.963320, 1, 1
7.963324, 0, 1
7.963330, 1, 1
7.963334, 0, 1
7.963340, 1, 1
7.963346, 0, 0
7.963352, 1, 0
7.963356, 1, 1
7.963632, 1, 0
7.963636, 0, 1
7.963642, 1, 1
7.963646, 0, 1
7.963648, 0, 0
7.963652, 1, 0
7.963658, 0, 1
7.963664, 1, 1
7.963668, 0, 1
7.963674, 1, 1
7.963678, 0, 0
7.963684, 1, 0
7.963688, 0, 0
7.963694, 1, 0
7.963700, 0, 0
7.963706, 1, 0
7.963710, 0, 1
7.963716, 1, 1
7.963720, 0, 1
7.963726, 1, 1
7.963730, 0, 1
7.963732, 0, 0
7.963736, 1, 0
7.963742, 1, 1
7.964020, 1, 0
7.964024, 0, 1
7.964030, 1, 1
7.964034, 0, 0
7.964040, 1, 0
7.964044, 0, 1
7.964050, 1, 1
7.964056, 0, 1
7.964062, 1, 1
7.964066, 0, 0
7.964072, 1, 0
7.964076, 0, 0
7.964082, 1, 0
7.964086, 0, 1
7.964092, 1, 1
7.964098, 0, 1
7.964104, 1, 1
7.964108, 0, 1
7.964114, 1, 1
7.964118, 0, 0
7.964124, 1, 0
7.964130, 1, 1
7.964430, 1, 0
7.964434, 0, 0
7.964436, 0, 1
7.964440, 1, 1
7.964446, 0, 0
7.964452, 1, 0
7.964456, 0, 1
7.964462, 1, 1
7.964466, 0, 1
7.964472, 1, 1
7.964476, 0, 0
7.964482, 1, 0
7.964488, 0, 1
7.964494, 1, 1
7.964498, 0, 0
7.964504, 1, 0
7.964508, 0, 1
7.964514, 1, 1
7.964518, 0, 1
7.964524, 1, 1
7.964530, 0, 0
7.964536, 1, 0
7.964540, 1, 1
7.964816, 1, 0
7.964820, 0, 0
7.964822, 0, 1
7.964826, 1, 1
7.964832, 0, 0
7.964838, 1, 0
7.964842, 0, 1
7.964848, 1, 1
7.964852, 0, 1
7.964858, 1, 1
7.964862, 0, 1
7.964864, 0, 0
7.964868, 1, 0
7.964874, 0, 1
7.964880, 1, 1
7.964884, 0, 1
7.964890, 1, 1
7.964894, 0, 1
7.964900, 1, 1
7.964904, 0, 1
7.964910, 1, 1
7.964916, 0, 0
7.964922, 1, 0
7.964926, 1, 1
7.965204, 1, 0
7.965208, 0, 1
7.965214, 1, 1
7.965218, 0, 0
7.965224, 1, 0
7.965228, 0, 0
7.965230, 0, 1
7.965236, 1, 1
7.965240, 0, 1
7.965246, 1, 1
7.965250, 0, 1
7.965256, 1, 1
7.965260, 0, 0
7.965266, 1, 0
7.965270, 0, 0
7.965278, 1, 0
7.965282, 0, 1
7.965288, 1, 1
7.965292, 0, 1
7.965298, 1, 1
7.965302, 0, 0
7.965308, 1, 0
7.965314, 1, 1
7.965612, 1, 0
7.965616, 0, 1
7.965622, 1, 1
7.965626, 0, 0
7.965632, 1, 0
7.965636, 0, 0
7.965638, 0, 1
7.965642, 1, 1
7.965648, 0, 1
7.965654, 1, 1
7.965658, 0, 1
7.965664, 1, 1
7.965668, 0, 0
7.965674, 1, 0
7.965678, 0, 0
7.965680, 0, 1
7.965686, 1, 1
7.965690, 0, 1
7.965696, 1, 1
7.965700, 0, 1
7.965706, 1, 1
7.965710, 0, 0
7.965716, 1, 0
7.965722, 1, 1
7.965998, 1, 0
7.966002, 0, 0
7.966004, 0, 1
7.966008, 1, 1
7.966014, 0, 0
7.966020, 1, 0
7.966024, 0, 1
7.966030, 1, 1
7.966034, 0, 1
7.966040, 1, 1
7.966044, 0, 1
7.966050, 1, 1
7.966056, 0, 1
7.966062, 1, 1
7.966066, 0, 0
7.966072, 1, 0
7.966076, 0, 1
7.966082, 1, 1
7.966086, 0, 1
7.966092, 1, 1
7.966098, 0, 0
7.966104, 1, 0
7.966108, 1, 1
7.966386, 1, 0
7.966390, 0, 1
7.966396, 1, 1
7.966400, 0, 0
7.966406, 1, 0
7.966410, 0, 0
7.966412, 0, 1
7.966416, 1, 1
7.966422, 0, 1
7.966428, 1, 1
7.966432, 0, 1
7.966438, 1, 1
7.966442, 0, 1
7.966448, 1, 1
7.966452, 0, 1
7.966458, 1, 1
7.966464, 0, 1
7.966470, 1, 1
7.966474, 0, 1
7.966480, 1, 1
7.966484, 0, 0
7.966490, 1, 0
7.966496, 1, 1
7.967050, 1, 0
7.967054, 0, 0
7.967056, 0, 1
7.967062, 1, 1
7.967066, 0, 1
7.967072, 1, 1
7.967076, 0, 0
7.967082, 1, 0
7.967086, 0, 0
7.967092, 1, 0
7.967096, 0, 0
7.967104, 1, 0
7.967108, 0, 0
7.967114, 1, 0
7.967118, 0, 0
7.967124, 1, 0
7.967128, 0, 1
7.967134, 1, 1
7.967140, 0, 1
7.967146, 1, 1
7.967150, 0, 0
7.967156, 1, 0
7.967160, 1, 1
7.967430, 1, 0
7.967434, 0, 1
7.967440, 1, 1
7.967444, 0, 1
7.967450, 1, 1
7.967456, 0, 0
7.967462, 1, 0
7.967466, 0, 0
7.967472, 1, 0
7.967476, 0, 0
7.967482, 1, 0
7.967486, 0, 0
7.967492, 1, 0
7.967498, 0, 1
7.967504, 1, 1
7.967508, 0, 1
7.967514, 1, 1
7.967518, 0, 1
7.967524, 1, 1
7.967528, 0, 1
7.967530, 0, 0
7.967534, 1, 0
7.967540, 1, 1
7.967816, 1, 0
7.967822, 0, 1
7.967828, 1, 1
7.967832, 0, 1
7.967838, 1, 1
7.967842, 0, 0
7.967848, 1, 0
7.967852, 0, 0
7.967858, 1, 0
7.967864, 0, 0
7.967870, 1, 0
7.967874, 0, 1
7.967880, 1, 1
7.967884, 0, 0
7.967890, 1, 0
7.967894, 0, 0
7.967896, 0, 1
7.967900, 1, 1
7.967906, 0, 1
7.967912, 1, 1
7.967916, 0, 0
7.967922, 1, 0
7.967926, 1, 1
7.968212, 1, 0
7.968216, 0, 1
7.968222, 1, 1
7.968226, 0, 1
7.968232, 1, 1
7.968238, 0, 0
7.968244, 1, 0
7.968248, 0, 0
7.968254, 1, 0
7.968258, 0, 0
7.968264, 1, 0
7.968268, 0, 0
7.968270, 0, 1
7.968274, 1, 1
7.968280, 0, 1
7.968286, 1, 1
7.968290, 0, 1
7.968296, 1, 1
7.968300, 0, 1
7.968306, 1, 1
7.968310, 0, 1
7.968312, 0, 0
7.968316, 1, 0
7.968322, 1, 1
7.968618, 1, 0
7.968622, 0, 1
7.968628, 1, 1
7.968632, 0, 1
7.968638, 1, 1
7.968644, 0, 0
7.968650, 1, 0
7.968654, 0, 0
7.968660, 1, 0
7.968664, 0, 1
7.968670, 1, 1
7.968674, 0, 1
7.968676, 0, 0
7.968680, 1, 0
7.968686, 0, 0
7.968692, 1, 0
7.968696, 0, 1
7.968702, 1, 1
7.968706, 0, 1
7.968712, 1, 1
7.968716, 0, 1
7.968718, 0, 0
7.968722, 1, 0
7.968728, 1, 1
7.969004, 1, 0
7.969008, 0, 0
7.969010, 0, 1
7.969014, 1, 1
7.969020, 0, 1
7.969026, 1, 1
7.969030, 0, 0
7.969036, 1, 0
7.969040, 0, 0
7.969046, 1, 0
7.969050, 0, 0
7.969052, 0, 1
7.969056, 1, 1
7.969062, 0, 0
7.969068, 1, 0
7.969072, 0, 1
7.969078, 1, 1
7.969082, 0, 1
7.969088, 1, 1
7.969092, 0, 1
7.969098, 1, 1
7.969104, 0, 0
7.969110, 1, 0
7.969114, 1, 1
7.969392, 1, 0
7.969396, 0, 1
7.969402, 1, 1
7.969406, 0, 1
7.969412, 1, 1
7.969416, 0, 1
7.969418, 0, 0
7.969422, 1, 0
7.969428, 0, 0
7.969434, 1, 0
7.969438, 0, 1
7.969444, 1, 1
7.969448, 0, 1
7.969454, 1, 1
7.969458, 0, 1
7.969460, 0, 0
7.969464, 1, 0
7.969470, 0, 1
7.969476, 1, 1
7.969480, 0, 1
7.969486, 1, 1
7.969490, 0, 0
7.969496, 1, 0
7.969502, 1, 1
7.969778, 1, 0
7.969782, 0, 0
7.969784, 0, 1
7.969788, 1, 1
7.969794, 0, 1
7.969800, 1, 1
7.969804, 0, 0
7.969810, 1, 0
7.969814, 0, 0
7.969820, 1, 0
7.969824, 0, 0
7.969826, 0, 1
7.969830, 1, 1
7.969836, 0, 1
7.969842, 1, 1
7.969846, 0, 1
7.969852, 1, 1
7.969856, 0, 1
7.969862, 1, 1
7.969866, 0, 1
7.969872, 1, 1
7.969878, 0, 0
7.969884, 1, 0
7.969888, 1, 1
7.970164, 1, 0
7.970168, 0, 0
7.970170, 0, 1
7.970176, 1, 1
7.970180, 0, 1
7.970186, 1, 1
7.970190, 0, 0
7.970196, 1, 0
7.970200, 0, 1
7.970206, 1, 1
7.970210, 0, 1
7.970212, 0, 0
7.970218, 1, 0
7.970222, 0, 0
7.970228, 1, 0
7.970232, 0, 0
7.970238, 1, 0
7.970242, 0, 1
7.970248, 1, 1
7.970254, 0, 0
7.970260, 1, 0
7.970264, 0, 0
7.970270, 1, 0
7.970274, 0, 0
7.970280, 1, 0
7.970284, 0, 0
7.970290, 1, 0
7.970296, 0, 0
7.970302, 1, 0
7.970306, 0, 0
7.970312, 1, 0
7.970316, 0, 0
7.970322, 1, 0
7.970326, 0, 0
7.970332, 1, 0
7.970338, 0, 0
7.970344, 1, 0
7.970348, 0, 1
7.970354, 1, 1
7.970358, 0, 0
7.970364, 1, 0
7.970370, 1, 1
7.970648, 1, 0
7.970652, 0, 1
7.970658, 1, 1
7.970662, 0, 1
7.970668, 1, 1
7.970672, 0, 1
7.970674, 0, 0
7.970680, 1, 0
7.970684, 0, 1
7.970690, 1, 1
7.970694, 0, 0
7.970700, 1, 0
7.970704, 0, 0
7.970710, 1, 0
7.970714, 0, 0
7.970716, 0, 1
7.970722, 1, 1
7.970726, 0, 1
7.970732, 1, 1
7.970736, 0, 1
7.970742, 1, 1
7.970746, 0, 0
7.970752, 1, 0
7.970758, 1, 1
7.971036, 1, 0
7.971040, 0, 1
7.971046, 1, 1
7.971050, 0, 1
7.971056, 1, 1
7.971060, 0, 0
7.971066, 1, 0
7.971072, 0, 1
7.971078, 1, 1
7.971082, 0, 0
7.971088, 1, 0
7.971092, 0, 1
7.971098, 1, 1
7.971102, 0, 0
7.971108, 1, 0
7.971114, 0, 1
7.971120, 1, 1
7.971124, 0, 1
7.971130, 1, 1
7.971134, 0, 0
7.971140, 1, 0
7.971146, 1, 1
7.971434, 1, 0
7.971438, 0, 1
7.971444, 1, 1
7.971450, 0, 1
7.971456, 1, 1
7.971460, 0, 0
7.971466, 1, 0
7.971470, 0, 1
7.971476, 1, 1
7.971480, 0, 0
7.971486, 1, 0
7.971492, 0, 1
7.971498, 1, 1
7.971502, 0, 1
7.971508, 1, 1
7.971512, 0, 1
7.971518, 1, 1
7.971522, 0, 1
7.971528, 1, 1
7.971534, 0, 0
7.971540, 1, 0
7.971544, 1, 1
7.971822, 1, 0
7.971826, 0, 1
7.971832, 1, 1
7.971836, 0, 1
7.971842, 1, 1
7.971846, 0, 1
7.971848, 0, 0
7.971852, 1, 0
7.971858, 0, 1
7.971864, 1, 1
7.971868, 0, 1
7.971874, 1, 1
7.971878, 0, 0
7.971884, 1, 0
7.971888, 0, 0
7.971894, 1, 0
7.971900, 0, 1
7.971906, 1, 1
7.971910, 0, 1
7.971916, 1, 1
7.971920, 0, 0
7.971926, 1, 0
7.971932, 1, 1
7.972208, 1, 0
7.972212, 0, 1
7.972218, 1, 1
7.972222, 0, 1
7.972228, 1, 1
7.972234, 0, 0
7.972240, 1, 0
7.972244, 0, 1
7.972250, 1, 1
7.972254, 0, 1
7.972260, 1, 1
7.972264, 0, 0
7.972270, 1, 0
7.972276, 0, 1
7.972282, 1, 1
7.972286, 0, 1
7.972292, 1, 1
7.972296, 0, 1
7.972302, 1, 1
7.972306, 0, 0
7.972312, 1, 0
7.972318, 1, 1
7.972616, 1, 0
7.972622, 0, 1
7.972628, 1, 1
7.972632, 0, 1
7.972638, 1, 1
7.972642, 0, 0
7.972648, 1, 0
7.972652, 0, 0
7.972654, 0, 1
7.972658, 1, 1
7.972664, 0, 1
7.972670, 1, 1
7.972674, 0, 1
7.972680, 1, 1
7.972684, 0, 0
7.972690, 1, 0
7.972694, 0, 0
7.972696, 0, 1
7.972700, 1, 1
7.972706, 0, 1
7.972712, 1, 1
7.972716, 0, 0
7.972722, 1, 0
7.972726, 1, 1
7.973004, 1, 0
7.973008, 0, 1
7.973014, 1, 1
7.973018, 0, 1
7.973024, 1, 1
7.973030, 0, 0
7.973036, 1, 0
7.973040, 0, 1
7.973046, 1, 1
7.973050, 0, 1
7.973056, 1, 1
7.973060, 0, 1
7.973066, 1, 1
7.973072, 0, 1
7.973078, 1, 1
7.973082, 0, 1
7.973088, 1, 1
7.973092, 0, 1
7.973098, 1, 1
7.973102, 0, 1
7.973104, 0, 0
7.973108, 1, 0
7.973114, 1, 1
7.973670, 1, 0
7.973674, 0, 1
7.973680, 1, 1
7.973684, 0, 1
7.973690, 1, 1
7.973694, 0, 1
7.973702, 1, 1
7.973706, 0, 0
7.973712, 1, 0
7.973716, 0, 0
7.973722, 1, 0
7.973726, 0, 0
7.973732, 1, 0
7.973736, 0, 0
7.973744, 1, 0
7.973748, 0, 1
7.973754, 1, 1
7.973758, 0, 1
7.973764, 1, 1
7.973768, 0, 0
7.973774, 1, 0
7.973780, 1, 1
7.974044, 1, 0
7.974048, 0, 1
7.974054, 1, 1
7.974058, 0, 1
7.974064, 1, 1
7.974070, 0, 1
7.974076, 1, 1
7.974080, 0, 0
7.974086, 1, 0
7.974090, 0, 0
7.974096, 1, 0
7.974100, 0, 0
7.974108, 1, 0
7.974112, 0, 1
7.974118, 1, 1
7.974122, 0, 1
7.974128, 1, 1
7.974132, 0, 1
7.974138, 1, 1
7.974142, 0, 1
7.974144, 0, 0
7.974150, 1, 0
7.974154, 1, 1
7.974434, 1, 0
7.974438, 0, 1
7.974444, 1, 1
7.974448, 0, 1
7.974456, 1, 1
7.974460, 0, 1
7.974466, 1, 1
7.974470, 0, 0
7.974476, 1, 0
7.974480, 0, 0
7.974486, 1, 0
7.974492, 0, 1
7.974498, 1, 1
7.974502, 0, 0
7.974508, 1, 0
7.974512, 0, 1
7.974518, 1, 1
7.974522, 0, 1
7.974528, 1, 1
7.974534, 0, 0
7.974540, 1, 0
7.974544, 1, 1
7.974822, 1, 0
7.974826, 0, 0
7.974828, 0, 1
7.974834, 1, 1
7.974838, 0, 1
7.974844, 1, 1
7.974848, 0, 1
7.974854, 1, 1
7.974858, 0, 0
7.974864, 1, 0
7.974868, 0, 0
7.974876, 1, 0
7.974880, 0, 1
7.974886, 1, 1
7.974890, 0, 1
7.974896, 1, 1
7.974900, 0, 1
7.974906, 1, 1
7.974912, 0, 1
7.974918, 1, 1
7.974922, 0, 0
7.974928, 1, 0
7.974932, 1, 1
7.975210, 1, 0
7.975214, 0, 1
7.975220, 1, 1
7.975224, 0, 1
7.975230, 1, 1
7.975234, 0, 1
7.975240, 1, 1
7.975246, 0, 0
7.975252, 1, 0
7.975256, 0, 1
7.975262, 1, 1
7.975266, 0, 0
7.975272, 1, 0
7.975276, 0, 0
7.975282, 1, 0
7.975288, 0, 1
7.975294, 1, 1
7.975298, 0, 1
7.975304, 1, 1
7.975308, 0, 0
7.975314, 1, 0
7.975320, 1, 1
7.975616, 1, 0
7.975622, 0, 1
7.975628, 1, 1
7.975632, 0, 1
7.975638, 1, 1
7.975642, 0, 1
7.975648, 1, 1
7.975652, 0, 0
7.975658, 1, 0
7.975664, 0, 1
7.975670, 1, 1
7.975674, 0, 0
7.975680, 1, 0
7.975684, 0, 1
7.975690, 1, 1
7.975694, 0, 1
7.975700, 1, 1
7.975706, 0, 1
7.975712, 1, 1
7.975716, 0, 0
7.975722, 1, 0
7.975726, 1, 1
7.976004, 1, 0
7.976008, 0, 1
7.976014, 1, 1
7.976020, 0, 1
7.976026, 1, 1
7.976030, 0, 1
7.976036, 1, 1
7.976040, 0, 0
7.976046, 1, 0
7.976050, 0, 1
7.976056, 1, 1
7.976062, 0, 1
7.976068, 1, 1
7.976072, 0, 0
7.976078, 1, 0
7.976082, 0, 1
7.976088, 1, 1
7.976092, 0, 1
7.976098, 1, 1
7.976104, 0, 0
7.976110, 1, 0
7.976114, 1, 1
7.976390, 1, 0
7.976394, 0, 0
7.976396, 0, 1
7.976400, 1, 1
7.976406, 0, 1
7.976412, 1, 1
7.976416, 0, 1
7.976422, 1, 1
7.976426, 0, 0
7.976432, 1, 0
7.976436, 0, 0
7.976438, 0, 1
7.976444, 1, 1
7.976448, 0, 1
7.976454, 1, 1
7.976458, 0, 1
7.976464, 1, 1
7.976468, 0, 1
7.976474, 1, 1
7.976478, 0, 1
7.976480, 0, 0
7.976486, 1, 0
7.976490, 0, 0
7.976496, 1, 0
7.976500, 0, 0
7.976506, 1, 0
7.976510, 0, 0
7.976516, 1, 0
7.976522, 0, 0
7.976528, 1, 0
7.976532, 0, 0
7.976538, 1, 0
7.976542, 0, 0
7.976548, 1, 0
7.976552, 0, 0
7.976558, 1, 0
7.976564, 0, 0
7.976570, 1, 0
7.976574, 0, 1
7.976580, 1, 1
7.976584, 0, 0
7.976590, 1, 0
7.976596, 1, 1
9.979776, 1, 0
9.979780, 0, 1
9.979786, 1, 1
9.979790, 0, 1
9.979796, 1, 1
9.979802, 0, 0
9.979808, 1, 0
9.979812, 0, 1
9.979818, 1, 1
9.979822, 0, 0
9.979828, 1, 0
9.979832, 0, 0
9.979840, 1, 0
9.979844, 0, 0
9.979850, 1, 0
9.979854, 0, 0
9.979860, 1, 0
9.979864, 0, 0
9.979870, 1, 0
9.979874, 0, 0
9.979882, 1, 0
9.979886, 0, 0
9.979892, 1, 0
9.979896, 0, 0
9.979902, 1, 0
9.979906, 0, 1
9.979912, 1, 1
9.979916, 0, 1
9.979924, 1, 1
9.979928, 0, 0
9.979934, 1, 0
9.979938, 0, 0
9.979944, 1, 0
9.979948, 0, 1
9.979954, 1, 1
9.979960, 0, 0
9.979966, 1, 0
9.979970, 0, 0
9.979976, 1, 0
9.979980, 0, 0
9.979986, 1, 0
9.979990, 0, 0
9.979996, 1, 0
9.980002, 0, 0
9.980008, 1, 0
9.980012, 0, 0
9.980018, 1, 0
9.980022, 0, 0
9.980028, 1, 0
9.980032, 0, 0
9.980038, 1, 0
9.980044, 0, 0
9.980050, 1, 0
9.980054, 0, 0
9.980060, 1, 0
9.980064, 0, 0
9.980070, 1, 0
9.980076, 1, 1
9.980090, 1, 0
9.980094, 0, 1
9.980100, 1, 1
9.980104, 0, 1
9.980110, 1, 1
9.980114, 0, 0
9.980120, 1, 0
9.980126, 0, 1
9.980132, 1, 1
9.980136, 0, 0
9.980142, 1, 0
9.980146, 0, 0
9.980152, 1, 0
9.980156, 0, 0
9.980162, 1, 0
9.980168, 0, 0
9.980174, 1, 0
9.980178, 0, 0
9.980184, 1, 0
9.980188, 0, 0
9.980194, 1, 0
9.980198, 0, 0
9.980204, 1, 0
9.980210, 0, 0
9.980216, 1, 0
9.980220, 0, 1
9.980226, 1, 1
9.980230, 0, 1
9.980236, 1, 1
9.980240, 0, 1
9.980242, 0, 0
9.980246, 1, 0
9.980252, 0, 1
9.980258, 1, 1
9.980262, 0, 0
9.980268, 1, 0
9.980272, 0, 0
9.980278, 1, 0
9.980282, 0, 1
9.980284, 0, 0
9.980288, 1, 0
9.980294, 0, 0
9.980300, 1, 0
9.980304, 0, 0
9.980310, 1, 0
9.980314, 0, 0
9.980320, 1, 0
9.980324, 0, 0
9.980330, 1, 0
9.980336, 0, 0
9.980342, 1, 0
9.980346, 0, 0
9.980352, 1, 0
9.980356, 0, 1
9.980362, 1, 1
9.980366, 0, 0
9.980372, 1, 0
9.980378, 0, 0
9.980384, 1, 0
9.980388, 1, 1
9.980398, 1, 0
9.980402, 0, 0
9.980404, 0, 1
9.980408, 1, 1
9.980414, 0, 1
9.980420, 1, 1
9.980424, 0, 0
9.980430, 1, 0
9.980434, 0, 1
9.980440, 1, 1
9.980444, 0, 1
9.980446, 0, 0
9.980450, 1, 0
9.980456, 0, 0
9.980462, 1, 0
9.980466, 0, 0
9.980472, 1, 0
9.980476, 0, 0
9.980482, 1, 0
9.980486, 0, 0
9.980492, 1, 0
9.980498, 0, 0
9.980504, 1, 0
9.980508, 0, 0
9.980514, 1, 0
9.980518, 0, 0
9.980524, 1, 0
9.980528, 0, 0
9.980530, 0, 1
9.980536, 1, 1
9.980540, 0, 1
9.980546, 1, 1
9.980550, 0, 0
9.980556, 1, 0
9.980560, 0, 1
9.980566, 1, 1
9.980570, 0, 1
9.980578, 1, 1
9.980582, 0, 0
9.980588, 1, 0
9.980592, 0, 0
9.980598, 1, 0
9.980602, 0, 0
9.980608, 1, 0
9.980612, 0, 0
9.980620, 1, 0
9.980624, 0, 0
9.980630, 1, 0
9.980634, 0, 0
9.980640, 1, 0
9.980644, 0, 0
9.980650, 1, 0
9.980656, 0, 0
9.980662, 1, 0
9.980666, 0, 1
9.980672, 1, 1
9.980676, 0, 0
9.980682, 1, 0
9.980686, 0, 0
9.980692, 1, 0
9.980698, 1, 1
9.980708, 1, 0
9.980712, 0, 1
9.980718, 1, 1
9.980722, 0, 1
9.980728, 1, 1
9.980734, 0, 0
9.980740, 1, 0
9.980744, 0, 1
9.980750, 1, 1
9.980754, 0, 0
9.980760, 1, 0
9.980764, 0, 0
9.980772, 1, 0
9.980776, 0, 0
9.980782, 1, 0
9.980786, 0, 0
9.980792, 1, 0
9.980796, 0, 0
9.980802, 1, 0
9.980806, 0, 0
9.980814, 1, 0
9.980818, 0, 0
9.980824, 1, 0
9.980828, 0, 0
9.980834, 1, 0
9.980838, 0, 1
9.980844, 1, 1
9.980848, 0, 1
9.980856, 1, 1
9.980860, 0, 1
9.980866, 1, 1
9.980870, 0, 0
9.980876, 1, 0
9.980880, 0, 0
9.980886, 1, 0
9.980892, 0, 0
9.980898, 1, 0
9.980902, 0, 0
9.980908, 1, 0
9.980912, 0, 0
9.980918, 1, 0
9.980922, 0, 0
9.980928, 1, 0
9.980934, 0, 0
9.980940, 1, 0
9.980944, 0, 0
9.980950, 1, 0
9.980954, 0, 0
9.980960, 1, 0
9.980964, 0, 0
9.980970, 1, 0
9.980976, 0, 1
9.980982, 1, 1
9.980986, 0, 0
9.980992, 1, 0
9.980996, 0, 0
9.981002, 1, 0
9.981008, 1, 1
9.981668, 1, 0
9.981672, 0, 1
9.981678, 1, 1
9.981682, 0, 1
9.981688, 1, 1
9.981692, 0, 1
9.981694, 0, 0
9.981698, 1, 0
9.981704, 0, 1
9.981710, 1, 1
9.981714, 0, 0
9.981720, 1, 0
9.981724, 0, 0
9.981730, 1, 0
9.981734, 0, 0
9.981740, 1, 0
9.981746, 0, 0
9.981752, 1, 0
9.981756, 0, 0
9.981762, 1, 0
9.981766, 0, 0
9.981772, 1, 0
9.981776, 0, 0
9.981782, 1, 0
9.981788, 0, 1
9.981794, 1, 1
9.981798, 0, 1
9.981804, 1, 1
9.981808, 0, 1
9.981814, 1, 1
9.981818, 0, 1
9.981820, 0, 0
9.981824, 1, 0
9.981830, 0, 1
9.981836, 1, 1
9.981840, 0, 1
9.981846, 1, 1
9.981850, 0, 0
9.981856, 1, 0
9.981860, 0, 0
9.981862, 0, 1
9.981868, 1, 1
9.981872, 1, 0
9.981876, 0, 1
9.981882, 1, 1
9.981886, 0, 1
9.981892, 1, 1
9.981898, 0, 0
9.981904, 1, 0
9.981908, 0, 1
9.981914, 1, 1
9.981918, 0, 0
9.981924, 1, 0
9.981928, 0, 0
9.981934, 1, 0
9.981940, 0, 0
9.981946, 1, 0
9.981950, 0, 1
9.981956, 1, 1
9.981960, 0, 0
9.981966, 1, 0
9.981970, 0, 0
9.981976, 1, 0
9.981982, 0, 0
9.981988, 1, 0
9.981992, 0, 0
9.981998, 1, 0
9.982002, 0, 0
9.982008, 1, 0
9.982012, 0, 0
9.982020, 1, 0
9.982024, 0, 0
9.982030, 1, 0
9.982034, 0, 0
9.982040, 1, 0
9.982044, 0, 0
9.982050, 1, 0
9.982054, 0, 0
9.982056, 0, 1
9.982062, 1, 1
9.982066, 0, 0
9.982072, 1, 0
9.982076, 1, 1
10.481414, 1, 0
10.481418, 0, 1
10.481424, 1, 1
10.481428, 0, 1
10.481434, 1, 1
10.481440, 0, 0
10.481446, 1, 0
10.481450, 0, 1
10.481456, 1, 1
10.481460, 0, 0
10.481466, 1, 0
10.481470, 0, 0
10.481476, 1, 0
10.481482, 0, 0
10.481488, 1, 0
10.481492, 0, 0
10.481498, 1, 0
10.481502, 0, 0
10.481508, 1, 0
10.481512, 0, 1
10.481514, 0, 0
10.481518, 1, 0
10.481524, 0, 0
10.481530, 1, 0
10.481534, 0, 1
10.481540, 1, 1
10.481544, 0, 1
10.481550, 1, 1
10.481554, 0, 1
10.481560, 1, 1
10.481566, 0, 0
10.481572, 1, 0
10.481576, 0, 1
10.481582, 1, 1
10.481586, 0, 1
10.481592, 1, 1
10.481596, 0, 0
10.481602, 1, 0
10.481608, 0, 1
10.481614, 1, 1
10.481618, 1, 0
10.481622, 0, 0
10.481624, 0, 1
10.481628, 1, 1
10.481634, 0, 1
10.481640, 1, 1
10.481644, 0, 0
10.481650, 1, 0
10.481654, 0, 1
10.481660, 1, 1
10.481664, 0, 1
10.481666, 0, 0
10.481670, 1, 0
10.481676, 0, 0
10.481682, 1, 0
10.481686, 0, 0
10.481692, 1, 0
10.481696, 0, 1
10.481702, 1, 1
10.481706, 0, 0
10.481712, 1, 0
10.481718, 0, 0
10.481724, 1, 0
10.481728, 0, 0
10.481734, 1, 0
10.481738, 0, 0
10.481744, 1, 0
10.481748, 0, 0
10.481756, 1, 0
10.481760, 0, 0
10.481766, 1, 0
10.481770, 0, 0
10.481776, 1, 0
10.481780, 0, 0
10.481786, 1, 0
10.481790, 0, 0
10.481798, 1, 0
10.481802, 0, 1
10.481808, 1, 1
10.481812, 0, 0
10.481818, 1, 0
10.481822, 1, 1
10.981374, 1, 0
10.981378, 0, 1
10.981384, 1, 1
10.981388, 0, 1
10.981394, 1, 1
10.981398, 0, 1
10.981400, 0, 0
10.981404, 1, 0
10.981410, 0, 1
10.981416, 1, 1
10.981420, 0, 0
10.981426, 1, 0
10.981430, 0, 0
10.981436, 1, 0
10.981440, 0, 0
10.981446, 1, 0
10.981452, 0, 0
10.981458, 1, 0
10.981462, 0, 0
10.981468, 1, 0
10.981472, 0, 0
10.981478, 1, 0
10.981482, 0, 0
10.981488, 1, 0
10.981494, 0, 1
10.981500, 1, 1
10.981504, 0, 1
10.981510, 1, 1
10.981514, 0, 1
10.981520, 1, 1
10.981524, 0, 1
10.981526, 0, 0
10.981532, 1, 0
10.981536, 0, 1
10.981542, 1, 1
10.981546, 0, 1
10.981552, 1, 1
10.981556, 0, 0
10.981562, 1, 0
10.981566, 0, 0
10.981568, 0, 1
10.981574, 1, 1
10.981578, 1, 0
10.981582, 0, 1
10.981588, 1, 1
10.981592, 0, 1
10.981598, 1, 1
10.981604, 0, 0
10.981610, 1, 0
10.981614, 0, 1
10.981620, 1, 1
10.981624, 0, 0
10.981630, 1, 0
10.981634, 0, 0
10.981642, 1, 0
10.981646, 0, 0
10.981652, 1, 0
10.981656, 0, 1
10.981662, 1, 1
10.981666, 0, 0
10.981672, 1, 0
10.981676, 0, 0
10.981684, 1, 0
10.981688, 0, 0
10.981694, 1, 0
10.981698, 0, 0
10.981704, 1, 0
10.981708, 0, 0
10.981714, 1, 0
10.981718, 0, 0
10.981726, 1, 0
10.981730, 0, 0
10.981736, 1, 0
10.981740, 0, 0
10.981746, 1, 0
10.981750, 0, 0
10.981756, 1, 0
10.981762, 0, 1
10.981768, 1, 1
10.981772, 0, 0
10.981778, 1, 0
10.981782, 1, 1
11.481374, 1, 0
11.481378, 0, 1
11.481384, 1, 1
11.481388, 0, 1
11.481394, 1, 1
11.481398, 0, 0
11.481404, 1, 0
11.481410, 0, 1
11.481416, 1, 1
11.481420, 0, 0
11.481426, 1, 0
11.481430, 0, 0
11.481436, 1, 0
11.481440, 0, 0
11.481446, 1, 0
11.481452, 0, 0
11.481458, 1, 0
11.481462, 0, 0
11.481468, 1, 0
11.481472, 0, 0
11.481478, 1, 0
11.481482, 0, 0
11.481488, 1, 0
11.481494, 0, 1
11.481500, 1, 1
11.481504, 0, 1
11.481510, 1, 1
11.481514, 0, 1
11.481520, 1, 1
11.481524, 0, 0
11.481530, 1, 0
11.481536, 0, 1
11.481542, 1, 1
11.481546, 0, 1
11.481552, 1, 1
11.481556, 0, 0
11.481562, 1, 0
11.481566, 0, 1
11.481572, 1, 1
11.481578, 1, 0
11.481582, 0, 1
11.481588, 1, 1
11.481592, 0, 1
11.481598, 1, 1
11.481604, 0, 0
11.481610, 1, 0
11.481614, 0, 1
11.481620, 1, 1
11.481624, 0, 0
11.481630, 1, 0
11.481634, 0, 0
11.481640, 1, 0
11.481646, 0, 0
11.481652, 1, 0
11.481656, 0, 1
11.481662, 1, 1
11.481666, 0, 0
11.481672, 1, 0
11.481676, 0, 0
11.481682, 1, 0
11.481688, 0, 0
11.481694, 1, 0
11.481698, 0, 0
11.481704, 1, 0
11.481708, 0, 0
11.481714, 1, 0
11.481718, 0, 0
11.481724, 1, 0
11.481730, 0, 0
11.481736, 1, 0
11.481740, 0, 0
11.481746, 1, 0
11.481750, 0, 0
11.481756, 1, 0
11.481760, 0, 1
11.481766, 1, 1
11.481772, 0, 0
11.481778, 1, 0
11.481782, 1, 1
11.981372, 1, 0
11.981376, 0, 1
11.981382, 1, 1
11.981386, 0, 1
11.981394, 1, 1
11.981398, 0, 0
11.981404, 1, 0
11.981408, 0, 1
11.981414, 1, 1
11.981418, 0, 0
11.981424, 1, 0
11.981430, 0, 0
11.981436, 1, 0
11.981440, 0, 0
11.981446, 1, 0
11.981450, 0, 0
11.981456, 1, 0
11.981460, 0, 0
11.981466, 1, 0
11.981472, 0, 0
11.981478, 1, 0
11.981482, 0, 0
11.981488, 1, 0
11.981492, 0, 1
11.981498, 1, 1
11.981502, 0, 1
11.981508, 1, 1
11.981514, 0, 1
11.981520, 1, 1
11.981524, 0, 0
11.981530, 1, 0
11.981534, 0, 1
11.981540, 1, 1
11.981544, 0, 1
11.981550, 1, 1
11.981556, 0, 0
11.981562, 1, 0
11.981566, 0, 1
11.981572, 1, 1
11.981576, 1, 0
11.981582, 0, 1
11.981588, 1, 1
11.981592, 0, 1
11.981598, 1, 1
11.981602, 0, 0
11.981608, 1, 0
11.981612, 0, 0
11.981614, 0, 1
11.981618, 1, 1
11.981624, 0, 0
11.981630, 1, 0
11.981634, 0, 0
11.981640, 1, 0
11.981644, 0, 0
11.981650, 1, 0
11.981654, 0, 0
11.981656, 0, 1
11.981660, 1, 1
11.981666, 0, 0
11.981672, 1, 0
11.981676, 0, 0
11.981682, 1, 0
11.981686, 0, 0
11.981692, 1, 0
11.981696, 0, 0
11.981702, 1, 0
11.981708, 0, 0
11.981714, 1, 0
11.981718, 0, 0
11.981724, 1, 0
11.981728, 0, 0
11.981734, 1, 0
11.981738, 0, 0
11.981744, 1, 0
11.981750, 0, 0
11.981756, 1, 0
11.981760, 0, 1
11.981766, 1, 1
11.981770, 0, 0
11.981776, 1, 0
11.981782, 1, 1
12.481374, 1, 0
12.481378, 0, 1
12.481384, 1, 1
12.481388, 0, 1
12.481394, 1, 1
12.481398, 0, 0
12.481404, 1, 0
12.481408, 0, 0
12.481410, 0, 1
12.481416, 1, 1
12.481420, 0, 0
12.481426, 1, 0
12.481430, 0, 0
12.481436, 1, 0
12.481440, 0, 0
12.481446, 1, 0
12.481452, 0, 0
12.481458, 1, 0
12.481462, 0, 0
12.481468, 1, 0
12.481472, 0, 0
12.481478, 1, 0
12.481482, 0, 0
12.481488, 1, 0
12.481494, 0, 1
12.481500, 1, 1
12.481504, 0, 1
12.481510, 1, 1
12.481514, 0, 1
12.481520, 1, 1
12.481524, 0, 0
12.481530, 1, 0
12.481536, 0, 1
12.481542, 1, 1
12.481546, 0, 1
12.481552, 1, 1
12.481556, 0, 0
12.481562, 1, 0
12.481566, 0, 1
12.481572, 1, 1
12.481578, 1, 0
12.481582, 0, 1
12.481588, 1, 1
12.481592, 0, 1
12.481598, 1, 1
12.481604, 0, 0
12.481610, 1, 0
12.481614, 0, 1
12.481620, 1, 1
12.481624, 0, 0
12.481630, 1, 0
12.481634, 0, 0
12.481640, 1, 0
12.481646, 0, 0
12.481652, 1, 0
12.481656, 0, 1
12.481662, 1, 1
12.481666, 0, 0
12.481672, 1, 0
12.481676, 0, 0
12.481682, 1, 0
12.481688, 0, 0
12.481694, 1, 0
12.481698, 0, 0
12.481704, 1, 0
12.481708, 0, 0
12.481714, 1, 0
12.481718, 0, 0
12.481724, 1, 0
12.481730, 0, 0
12.481736, 1, 0
12.481740, 0, 0
12.481746, 1, 0
12.481750, 0, 0
12.481756, 1, 0
12.481760, 0, 1
12.481766, 1, 1
12.481772, 0, 0
12.481778, 1, 0
12.481782, 1, 1
12.981374, 1, 0
12.981380, 0, 1
12.981386, 1, 1
12.981390, 0, 1
12.981396, 1, 1
12.981400, 0, 0
12.981406, 1, 0
12.981410, 0, 0
12.981412, 0, 1
12.981416, 1, 1
12.981422, 0, 0
12.981428, 1, 0
12.981432, 0, 0
12.981438, 1, 0
12.981442, 0, 0
12.981448, 1, 0
12.981452, 0, 0
12.981458, 1, 0
12.981464, 0, 0
12.981470, 1, 0
12.981474, 0, 0
12.981480, 1, 0
12.981484, 0, 0
12.981490, 1, 0
12.981494, 0, 0
12.981496, 0, 1
12.981500, 1, 1
12.981506, 0, 1
12.981512, 1, 1
12.981516, 0, 1
12.981522, 1, 1
12.981526, 0, 0
12.981532, 1, 0
12.981536, 0, 0
12.981538, 0, 1
12.981544, 1, 1
12.981548, 0, 1
12.981554, 1, 1
12.981558, 0, 0
12.981564, 1, 0
12.981568, 0, 1
12.981574, 1, 1
12.981580, 1, 0
12.981584, 0, 1
12.981590, 1, 1
12.981594, 0, 1
12.981600, 1, 1
12.981604, 0, 1
12.981606, 0, 0
12.981610, 1, 0
12.981616, 0, 1
12.981622, 1, 1
12.981626, 0, 0
12.981632, 1, 0
12.981636, 0, 0
12.981642, 1, 0
12.981646, 0, 0
12.981654, 1, 0
12.981658, 0, 1
12.981664, 1, 1
12.981668, 0, 0
12.981674, 1, 0
12.981678, 0, 0
12.981684, 1, 0
12.981688, 0, 0
12.981696, 1, 0
12.981700, 0, 0
12.981706, 1, 0
12.981710, 0, 0
12.981716, 1, 0
12.981720, 0, 0
12.981726, 1, 0
12.981730, 0, 0
12.981738, 1, 0
12.981742, 0, 0
12.981748, 1, 0
12.981752, 0, 0
12.981758, 1, 0
12.981762, 0, 1
12.981768, 1, 1
12.981774, 0, 0
12.981780, 1, 0
12.981784, 1, 1
13.481374, 1, 0
13.481378, 0, 1
13.481384, 1, 1
13.481388, 0, 1
13.481394, 1, 1
13.481398, 0, 1
13.481400, 0, 0
13.481404, 1, 0
13.481410, 0, 1
13.481416, 1, 1
13.481420, 0, 0
13.481426, 1, 0
13.481430, 0, 0
13.481436, 1, 0
13.481440, 0, 0
13.481446, 1, 0
13.481452, 0, 0
13.481458, 1, 0
13.481462, 0, 0
13.481468, 1, 0
13.481472, 0, 0
13.481478, 1, 0
13.481482, 0, 0
13.481490, 1, 0
13.481494, 0, 1
13.481500, 1, 1
13.481504, 0, 1
13.481510, 1, 1
13.481514, 0, 1
13.481520, 1, 1
13.481524, 0, 1
13.481526, 0, 0
13.481532, 1, 0
13.481536, 0, 1
13.481542, 1, 1
13.481546, 0, 1
13.481552, 1, 1
13.481556, 0, 0
13.481562, 1, 0
13.481568, 0, 1
13.481574, 1, 1
13.481578, 1, 0
13.481582, 0, 1
13.481588, 1, 1
13.481592, 0, 1
13.481598, 1, 1
13.481604, 0, 0
13.481610, 1, 0
13.481614, 0, 1
13.481620, 1, 1
13.481624, 0, 0
13.481630, 1, 0
13.481634, 0, 0
13.481642, 1, 0
13.481646, 0, 0
13.481652, 1, 0
13.481656, 0, 1
13.481662, 1, 1
13.481666, 0, 0
13.481672, 1, 0
13.481676, 0, 0
13.481684, 1, 0
13.481688, 0, 0
13.481694, 1, 0
13.481698, 0, 0
13.481704, 1, 0
13.481708, 0, 0
13.481714, 1, 0
13.481720, 0, 0
13.481726, 1, 0
13.481730, 0, 0
13.481736, 1, 0
13.481740, 0, 0
13.481746, 1, 0
13.481750, 0, 0
13.481756, 1, 0
13.481762, 0, 1
13.481768, 1, 1
13.481772, 0, 0
13.481778, 1, 0
13.481782, 1, 1
13.981372, 1, 0
13.981376, 0, 0
13.981378, 0, 1
13.981382, 1, 1
13.981388, 0, 1
13.981394, 1, 1
13.981398, 0, 0
13.981404, 1, 0
13.981408, 0, 1
13.981414, 1, 1
13.981418, 0, 1
13.981420, 0, 0
13.981424, 1, 0
13.981430, 0, 0
13.981436, 1, 0
13.981440, 0, 0
13.981446, 1, 0
13.981450, 0, 0
13.981456, 1, 0
13.981460, 0, 0
13.981466, 1, 0
13.981472, 0, 0
13.981478, 1, 0
13.981482, 0, 0
13.981488, 1, 0
13.981492, 0, 1
13.981498, 1, 1
13.981502, 0, 1
13.981510, 1, 1
13.981514, 0, 1
13.981520, 1, 1
13.981524, 0, 0
13.981530, 1, 0
13.981534, 0, 1
13.981540, 1, 1
13.981544, 0, 1
13.981552, 1, 1
13.981556, 0, 0
13.981562, 1, 0
13.981566, 0, 1
13.981572, 1, 1
13.981576, 1, 0
13.981582, 0, 1
13.981588, 1, 1
13.981592, 0, 1
13.981598, 1, 1
13.981602, 0, 0
13.981608, 1, 0
13.981612, 0, 0
13.981614, 0, 1
13.981618, 1, 1
13.981624, 0, 0
13.981630, 1, 0
13.981634, 0, 0
13.981640, 1, 0
13.981644, 0, 0
13.981650, 1, 0
13.981654, 0, 0
13.981656, 0, 1
13.981662, 1, 1
13.981666, 0, 0
13.981672, 1, 0
13.981676, 0, 0
13.981682, 1, 0
13.981686, 0, 0
13.981692, 1, 0
13.981696, 0, 0
13.981704, 1, 0
13.981708, 0, 0
13.981714, 1, 0
13.981718, 0, 0
13.981724, 1, 0
13.981728, 0, 0
13.981734, 1, 0
13.981740, 0, 0
13.981746, 1, 0
13.981750, 0, 0
13.981756, 1, 0
13.981760, 0, 1
13.981766, 1, 1
13.981770, 0, 0
13.981776, 1, 0
13.981782, 1, 1
14.481370, 1, 0
14.481374, 0, 1
14.481380, 1, 1
14.481386, 0, 1
14.481392, 1, 1
14.481396, 0, 0
14.481402, 1, 0
14.481406, 0, 1
14.481412, 1, 1
14.481416, 0, 0
14.481422, 1, 0
14.481428, 0, 0
14.481434, 1, 0
14.481438, 0, 0
14.481444, 1, 0
14.481448, 0, 0
14.481454, 1, 0
14.481458, 0, 0
14.481464, 1, 0
14.481470, 0, 0
14.481476, 1, 0
14.481480, 0, 0
14.481486, 1, 0
14.481490, 0, 1
14.481496, 1, 1
14.481500, 0, 1
14.481506, 1, 1
14.481512, 0, 1
14.481518, 1, 1
14.481522, 0, 0
14.481528, 1, 0
14.481532, 0, 1
14.481538, 1, 1
14.481542, 0, 1
14.481548, 1, 1
14.481554, 0, 0
14.481560, 1, 0
14.481564, 0, 1
14.481570, 1, 1
14.481574, 1, 0
14.481580, 0, 1
14.481586, 1, 1
14.481590, 0, 1
14.481596, 1, 1
14.481600, 0, 0
14.481606, 1, 0
14.481610, 0, 0
14.481612, 0, 1
14.481616, 1, 1
14.481622, 0, 0
14.481628, 1, 0
14.481632, 0, 0
14.481638, 1, 0
14.481642, 0, 0
14.481648, 1, 0
14.481652, 0, 0
14.481654, 0, 1
14.481658, 1, 1
14.481664, 0, 0
14.481670, 1, 0
14.481674, 0, 0
14.481680, 1, 0
14.481684, 0, 0
14.481690, 1, 0
14.481694, 0, 0
14.481700, 1, 0
14.481706, 0, 0
14.481712, 1, 0
14.481716, 0, 0
14.481722, 1, 0
14.481726, 0, 0
14.481732, 1, 0
14.481736, 0, 0
14.481742, 1, 0
14.481748, 0, 0
14.481754, 1, 0
14.481758, 0, 1
14.481764, 1, 1
14.481768, 0, 0
14.481774, 1, 0
14.481780, 1, 1
14.981374, 1, 0
14.981380, 0, 1
14.981386, 1, 1
14.981390, 0, 1
14.981396, 1, 1
14.981400, 0, 0
14.981406, 1, 0
14.981410, 0, 0
14.981412, 0, 1
14.981416, 1, 1
14.981422, 0, 0
14.981428, 1, 0
14.981432, 0, 0
14.981438, 1, 0
14.981442, 0, 0
14.981448, 1, 0
14.981452, 0, 0
14.981458, 1, 0
14.981464, 0, 0
14.981470, 1, 0
14.981474, 0, 0
14.981480, 1, 0
14.981484, 0, 0
14.981490, 1, 0
14.981494, 0, 0
14.981496, 0, 1
14.981500, 1, 1
14.981506, 0, 1
14.981512, 1, 1
14.981516, 0, 1
14.981522, 1, 1
14.981526, 0, 0
14.981532, 1, 0
14.981536, 0, 0
14.981538, 0, 1
14.981542, 1, 1
14.981548, 0, 1
14.981554, 1, 1
14.981558, 0, 0
14.981564, 1, 0
14.981568, 0, 1
14.981574, 1, 1
14.981580, 1, 0
14.981584, 0, 1
14.981590, 1, 1
14.981594, 0, 1
14.981600, 1, 1
14.981604, 0, 1
14.981606, 0, 0
14.981610, 1, 0
14.981616, 0, 1
14.981622, 1, 1
14.981626, 0, 0
14.981632, 1, 0
14.981636, 0, 0
14.981642, 1, 0
14.981646, 0, 0
14.981652, 1, 0
14.981658, 0, 1
14.981664, 1, 1
14.981668, 0, 0
14.981674, 1, 0
14.981678, 0, 0
14.981684, 1, 0
14.981688, 0, 0
14.981694, 1, 0
14.981700, 0, 0
14.981706, 1, 0
14.981710, 0, 0
14.981716, 1, 0
14.981720, 0, 0
14.981726, 1, 0
14.981730, 0, 0
14.981736, 1, 0
14.981742, 0, 0
14.981748, 1, 0
14.981752, 0, 0
14.981758, 1, 0
14.981762, 0, 1
14.981768, 1, 1
14.981772, 0, 1
14.981774, 0, 0
14.981780, 1, 0
14.981784, 1, 1
