Ref,Val,Package,PosX,PosY,Rot,Side
"BT501","XCell N18650CP-35E","18650_Keystone_1043",90.000000,-73.000000,0.000000,top
"D801","LED","LED_D5.0mm",103.375000,-54.450000,0.000000,top
"D802","LED","LED_D5.0mm",109.925000,-54.450000,0.000000,top
"D803","LED","LED_D5.0mm",116.460000,-54.450000,0.000000,top
"F501","Polyfuse","Fuse_BelFuse_0ZRE0005FF_L8.3mm_W3.8mm",94.750000,-92.600000,90.000000,top
"J101","Conn_01x06_Male","PinHeader_1x05_P2.54mm_Vertical",62.460000,-141.250000,90.000000,top
"J102","Conn_01x03_Male","PinHeader_1x03_P2.54mm_Vertical",64.000000,-56.930000,180.000000,top
"J103","Conn_01x04_Male","PinHeader_1x04_P2.54mm_Vertical",72.500000,-59.500000,180.000000,top
"J501","Conn_01x02_Male","PinHeader_1x02_P2.54mm_Vertical",94.475000,-106.220000,90.000000,top
"J502","Conn_01x02_Male","PinHeader_1x02_P2.54mm_Vertical",94.475000,-103.300000,90.000000,top
"J503","Conn_01x02_Male","PinHeader_1x02_P2.54mm_Vertical",94.475000,-100.370000,90.000000,top
"J504","Conn_01x02_Male","PinHeader_1x02_P2.54mm_Vertical",94.475000,-97.420000,90.000000,top
"J505","Conn_02x02_Odd_Even","PinHeader_1x04_P2.54mm_Vertical",103.200000,-59.650000,90.000000,top
"J701","PiZero","Raspberry_Pi_Zero_Socket_wo_drills",115.800000,-148.000000,-90.000000,top
"K701","AZ9371-1A-5DE","Relay_1-Form-A_Schrack-RYII_RM5mm",114.550000,-137.750000,90.000000,top
"SW501","SW_SPDT","PinHeader_1x02_P2.54mm_Vertical",117.075000,-59.700000,-90.000000,top
"SW801","SW_DIP_x08","SW_DIP_SPSTx08_Slide_9.78x22.5mm_W7.62mm_P2.54mm",94.900000,-51.500000,-90.000000,top
"U301","~","DEBO_GPS",102.450000,-108.650000,180.000000,top
"U302","L86-M33","XCVR_L86-M33",115.550000,-96.250000,0.000000,top
"U401","~","DEBO_SD-Card",88.200000,-90.650000,0.000000,top
"U601","~","PinHeader_1x08_P2.54mm_Vertical",77.250000,-141.250000,90.000000,top
"XX201","DEBO_MPU-6050","DEBO_MPU6050",123.250000,-126.250000,180.000000,top
