"Reference","Value","Datasheet","Footprint","Qty","DNP","LCSC","OrderStatus","MPN_Eurocircuit","Beschreibung"
"BT501","XCell N18650CP-35E","~","SensorBoards:18650_Keystone_1043","1","","","manual","","Single-cell battery"
"C501","100n","~","Capacitor_SMD:C_0805_2012Metric","1","","","assembly","GPC0805104","Unpolarized capacitor"
"D701","D","~","Diode_SMD:D_0805_2012Metric","1","","","order","","Diode"
"D801,D802,D803","LED","~","LED_THT:LED_D5.0mm","3","","","order","","Light emitting diode"
"F501","Polyfuse","~","Fuse:Fuse_BelFuse_0ZRE0005FF_L8.3mm_W3.8mm","1","","","order","","Resettable fuse, polymeric positive temperature coefficient"
"H101,H102,H103,H104","MountingHole","~","MountingHole:MountingHole_3.2mm_M3_DIN965_Pad_TopBottom","4","","","dnp","","Mounting Hole without connection"
"J101","Conn_01x06_Male","~","Connector_PinHeader_2.54mm:PinHeader_1x05_P2.54mm_Vertical","1","","","manual","","Generic connector, single row, 01x05, script generated (kicad-library-utils/schlib/autogen/connector/)"
"J102","Conn_01x03_Male","~","Connector_PinHeader_2.54mm:PinHeader_1x03_P2.54mm_Vertical","1","","","manual","","Generic connector, single row, 01x03, script generated (kicad-library-utils/schlib/autogen/connector/)"
"J103","Conn_01x04_Male","~","Connector_PinHeader_2.54mm:PinHeader_1x04_P2.54mm_Vertical","1","","","manual","","Generic connector, single row, 01x04, script generated (kicad-library-utils/schlib/autogen/connector/)"
"J501,J502,J503,J504","Conn_01x02_Male","~","Connector_PinHeader_2.54mm:PinHeader_1x02_P2.54mm_Vertical","4","","","manual","","Generic connector, single row, 01x02, script generated (kicad-library-utils/schlib/autogen/connector/)"
"J505","Conn_02x02_Odd_Even","~","Connector_PinHeader_2.54mm:PinHeader_1x04_P2.54mm_Vertical","1","","","manual","","Generic connector, double row, 02x02, odd/even pin numbering scheme (row 1 odd numbers, row 2 even numbers), script generated (kicad-library-utils/schlib/autogen/connector/)"
"J701","PiZero","~","SensorBoards:Raspberry_Pi_Zero_Socket_wo_drills","1","","","manual","","Generic connector, double row, 02x20, odd/even pin numbering scheme (row 1 odd numbers, row 2 even numbers), script generated (kicad-library-utils/schlib/autogen/connector/)"
"J901","Conn_02x03_Counter_Clockwise","~","Connector_PinHeader_1.00mm:PinHeader_2x10_P1.00mm_Vertical_SMD","1","","","manual","","Generic connector, double row, 02x10, counter clockwise pin numbering scheme (similar to DIP package numbering), script generated (kicad-library-utils/schlib/autogen/connector/)"
"J902","Conn_02x07_Counter_Clockwise","~","Connector_PinHeader_1.00mm:PinHeader_2x07_P1.00mm_Vertical_SMD","1","","","manual","","Generic connector, double row, 02x07, counter clockwise pin numbering scheme (similar to DIP package numbering), script generated (kicad-library-utils/schlib/autogen/connector/)"
"J903","Conn_02x09_Counter_Clockwise","~","Connector_PinHeader_1.00mm:PinHeader_2x09_P1.00mm_Vertical_SMD","1","","","manual","","Generic connector, double row, 02x09, counter clockwise pin numbering scheme (similar to DIP package numbering), script generated (kicad-library-utils/schlib/autogen/connector/)"
"JP201,JP202,JP203","SolderJumper_3_Bridged123","~","Jumper:SolderJumper-3_P2.0mm_Open_TrianglePad1.0x1.5mm_NumberLabels","3","","","dnp","","Solder Jumper, 3-pole, open"
"JP502,JP503","Jumper_2_Open","~","Jumper:SolderJumper-2_P1.3mm_Open_TrianglePad1.0x1.5mm","2","","","dnp","","Jumper, 2-pole, open"
"K701","AZ9371-1A-5DE","https://cdn-reichelt.de/documents/datenblatt/C300/AZ9371.pdf","Relay_THT:Relay_1-Form-A_Schrack-RYII_RM5mm","1","","","manual","","Relay 5V Reichelt"
"Q501,Q502,Q503,Q504","AO3401A","http://www.aosmd.com/pdfs/datasheet/AO3401A.pdf","Package_TO_SOT_SMD:SOT-23","4","","C15127","order","AO3401A","-4.0A Id, -30V Vds, P-Channel MOSFET, SOT-23"
"Q505,Q506","CSD16406Q3","https://www.ti.com/lit/gpn/csd16406q3","Package_SON:VSON-8-1EP_3x3mm_P0.65mm_EP1.65x2.4mm","2","","","order","CSD16406Q3",""
"Q701","MMBT3906","https://www.onsemi.com/pub/Collateral/2N3906-D.PDF","Package_TO_SOT_SMD:SOT-23","1","","","order","MMBT3906","-0.2A Ic, -40V Vce, Small Signal PNP Transistor, SOT-23"
"R101,R102,R205,R206,R209,R301,R505,R506,R507,R508,R806","22k","~","Resistor_SMD:R_0805_2012Metric","11","","C17560","assembly","GPR080522K","Resistor"
"R103,R104,R105,R106,R107,R108,R109,R110,R111,R112,R113,R114,R115,R118,R119,R120,R121,R201,R202,R203,R204,R207,R208,R302,R303,R304,R305,R401,R402,R403,R404,R509,R510,R511,R512,R513,R514,R515,R516,R517,R518,R519,R520,R521,R522,R523,R524,R525,R526,R527,R528,R529,R530,R531,R532,R533,R534,R535,R536,R537,R538,R539,R540,R541,R542,R601,R602,R603,R604,R605,R606,R702,R703,R704,R706,R809","0","~","Resistor_SMD:R_0805_2012Metric","76","","C17477","assembly","GPR08050R","Resistor"
"R116,R117","220k","~","Resistor_SMD:R_0805_2012Metric","2","","C17556","assembly","GPR0805220K","Resistor"
"R501,R502,R503,R504","100","~","Resistor_SMD:R_0805_2012Metric","4","","C17408","assembly","GPR0805100R","Resistor"
"R543","2k2","~","Resistor_SMD:R_0805_2012Metric","1","","C17520","assembly","GPR08052K2","Resistor"
"R544,R545","5M","~","Resistor_SMD:R_0805_2012Metric","2","","C2933370","assembly","GPR08055M1","bei JLC 2M2 Ohm statt 5"
"R546,R801,R802,R803","330","~","Resistor_SMD:R_0805_2012Metric","4","","C17630","assembly","GPR0805330R","Resistor"
"R701","10","~","Resistor_SMD:R_0805_2012Metric","1","","C17415","assembly","GPR080510R","Resistor"
"R705","4k7","~","Resistor_SMD:R_0805_2012Metric","1","","C17673","assembly","GPR08054K7","Resistor"
"R804","82k","~","Resistor_SMD:R_0805_2012Metric","1","","C17840","assembly","GPR080582K","Resistor"
"R805","47k","~","Resistor_SMD:R_0805_2012Metric","1","","C17713","assembly","GPR080547K","Resistor"
"R807,R808","10k","~","Resistor_SMD:R_0805_2012Metric","2","","C17414","assembly","GPR080510K","Resistor"
"SW501","SW_SPDT","~","Connector_PinHeader_2.54mm:PinHeader_1x02_P2.54mm_Vertical","1","","","manual","","Single Pole Single Throw (SPST) switch"
"SW801","SW_DIP_x08","~","Button_Switch_THT:SW_DIP_SPSTx08_Slide_9.78x22.5mm_W7.62mm_P2.54mm","1","","","manual","","8x DIP Switch, Single Pole Single Throw (SPST) switch, small symbol"
"TP101,TP102,TP301,TP302,TP901","TestPoint","~","-- verschiedene Werte --","5","","","dnp","","test point"
"U101","Pico","","MCU_RaspberryPi_and_Boards:RPi_Pico_SMD_TH","1","","","manual","",""
"U201","BME688","https://ae-bst.resource.bosch.com/media/_tech/media/datasheets/BST-BME680-DS001.pdf","Package_LGA:Bosch_LGA-8_3x3mm_P0.8mm_ClockwisePinNumbering","1","","","manual","","4-in-1 sensor, gas, humidity, pressure, temperature, I2C and SPI interface, 1.71-3.6V, LGA-8"
"U202","BME280","https://ae-bst.resource.bosch.com/media/_tech/media/datasheets/BST-BME280-DS002.pdf","Package_LGA:Bosch_LGA-8_2.5x2.5mm_P0.65mm_ClockwisePinNumbering","1","","","manual","","3-in-1 sensor, humidity, pressure, temperature, I2C and SPI interface, 1.71-3.6V, LGA-8"
"U301,U401,U601","~","","-- verschiedene Werte --","3","","","manual","",""
"U302","L86-M33","","L86:XCVR_L86-M33","1","","","manual","",""
"U501","BQ29705","http://www.ti.com/lit/ds/symlink/bq2970.pdf","Package_SON:WSON-6_1.5x1.5mm_P0.5mm","1","","","order","  BQ29705DSER","Voltage and Current Protection for Single-Cell Li-Ion and Li-Polymer Batteries"
"U901","SIM868","","SIM868:XCVR_SIM868","1","","","manual","",""
"XX201","DEBO_MPU-6050","https://store.invensense.com/datasheets/invensense/MPU-6050_DataSheet_V3%204.pdf","SensorBoards:DEBO_MPU6050","1","","","manual","","InvenSense 6-Axis Motion Sensor, Gyroscope, Accelerometer, I2C"
